epoch,global_step,learning_rate,step,train_loss,training_batch_wer,val_wer
0,0.0,,0,,,0.3220418393611908
0,0.0,9.999999747378752e-06,0,3.110219717025757,0.7884615659713745,
0,1.0,9.999999747378752e-06,1,1.209457278251648,0.27771249413490295,
0,2.0,9.999999747378752e-06,2,1.732688069343567,0.75,
0,3.0,9.999999747378752e-06,3,1.7696499824523926,0.6758241653442383,
0,4.0,9.999999747378752e-06,4,2.0835061073303223,0.5196969509124756,
0,5.0,9.999999747378752e-06,5,3.2116641998291016,1.0,
0,6.0,9.999999747378752e-06,6,1.038616418838501,0.43529412150382996,
0,7.0,9.999999747378752e-06,7,2.042248249053955,0.4787735939025879,
0,8.0,9.999999747378752e-06,8,4.192751884460449,0.9227453470230103,
0,9.0,9.999999747378752e-06,9,1.3687596321105957,0.5206971764564514,
0,10.0,9.999999747378752e-06,10,1.7003179788589478,0.6423376798629761,
0,11.0,9.999999747378752e-06,11,1.5594782829284668,0.732758641242981,
0,12.0,9.999999747378752e-06,12,1.9993149042129517,0.5825892686843872,
0,13.0,9.999999747378752e-06,13,1.7571022510528564,0.6331417560577393,
0,14.0,9.999999747378752e-06,14,4.209568023681641,0.953125,
0,15.0,9.999999747378752e-06,15,1.6737911701202393,0.6749999523162842,
0,16.0,9.999999747378752e-06,16,1.0341275930404663,0.375,
0,17.0,9.999999747378752e-06,17,2.776155471801758,0.7966752052307129,
0,18.0,9.999999747378752e-06,18,1.7217615842819214,0.5520833730697632,
0,19.0,9.999999747378752e-06,19,2.117147445678711,0.8125,
0,20.0,9.999999747378752e-06,20,1.7235914468765259,0.7922201156616211,
0,21.0,9.999999747378752e-06,21,0.9362975358963013,0.3367224931716919,
0,22.0,9.999999747378752e-06,22,1.2945810556411743,0.5707417726516724,
0,23.0,9.999999747378752e-06,23,1.306860089302063,0.4753984808921814,
0,24.0,9.999999747378752e-06,24,1.0290648937225342,0.29153603315353394,
0,25.0,9.999999747378752e-06,25,1.8360671997070312,0.6443548202514648,
0,26.0,9.999999747378752e-06,26,1.6862359046936035,0.5603535175323486,
0,27.0,9.999999747378752e-06,27,2.1342077255249023,0.7355990409851074,
0,28.0,9.999999747378752e-06,28,0.9521220922470093,0.3895833492279053,
0,29.0,9.999999747378752e-06,29,1.6507275104522705,0.5740740895271301,
0,30.0,9.999999747378752e-06,30,1.4514740705490112,0.6502998471260071,
0,31.0,9.999999747378752e-06,31,1.1019889116287231,0.383301705121994,
0,32.0,9.999999747378752e-06,32,1.6727685928344727,0.4888889193534851,
0,33.0,9.999999747378752e-06,33,1.7344961166381836,0.5612499713897705,
0,34.0,9.999999747378752e-06,34,2.1061699390411377,0.765625,
0,35.0,9.999999747378752e-06,35,1.566864013671875,0.5932773351669312,
0,36.0,9.999999747378752e-06,36,2.053337812423706,0.5735849142074585,
0,37.0,9.999999747378752e-06,37,2.274712085723877,0.6293478012084961,
0,38.0,9.999999747378752e-06,38,1.7494829893112183,0.612601637840271,
0,39.0,9.999999747378752e-06,39,1.8012282848358154,0.5062500238418579,
0,40.0,9.999999747378752e-06,40,2.7514731884002686,0.8306452035903931,
0,41.0,9.999999747378752e-06,41,1.5910078287124634,0.5027927160263062,
0,42.0,9.999999747378752e-06,42,2.6122186183929443,0.8636363744735718,
0,43.0,9.999999747378752e-06,43,1.8821346759796143,0.5883838534355164,
0,44.0,9.999999747378752e-06,44,1.0134328603744507,0.4052726626396179,
0,45.0,9.999999747378752e-06,45,1.8347975015640259,0.7274305820465088,
0,46.0,9.999999747378752e-06,46,1.5787850618362427,0.5258152484893799,
0,47.0,9.999999747378752e-06,47,2.253272294998169,0.5833333134651184,
0,48.0,9.999999747378752e-06,48,1.4295202493667603,0.5012542009353638,
0,49.0,9.999999747378752e-06,49,1.4803305864334106,0.5369106531143188,
0,50.0,,49,,,0.36628201603889465
0,50.0,9.999999747378752e-06,50,1.6523643732070923,0.5265700221061707,
0,51.0,9.999999747378752e-06,51,2.829329252243042,0.7678571343421936,
0,52.0,9.999999747378752e-06,52,1.380585789680481,0.4866478443145752,
0,53.0,9.999999747378752e-06,53,2.6417107582092285,0.90625,
0,54.0,9.999999747378752e-06,54,1.6492397785186768,0.5115385055541992,
0,55.0,9.999999747378752e-06,55,1.3576346635818481,0.5287896394729614,
0,56.0,9.999999747378752e-06,56,0.8715290427207947,0.37534013390541077,
0,57.0,9.999999747378752e-06,57,0.7880434393882751,0.3324154019355774,
0,58.0,9.999999747378752e-06,58,1.430598258972168,0.5214285850524902,
0,59.0,9.999999747378752e-06,59,1.534218430519104,0.45449307560920715,
0,60.0,9.999999747378752e-06,60,0.9527544975280762,0.42565423250198364,
0,61.0,9.999999747378752e-06,61,2.040187120437622,0.6018518209457397,
0,62.0,9.999999747378752e-06,62,1.2865475416183472,0.5810185074806213,
0,63.0,9.999999747378752e-06,63,1.1645197868347168,0.42698293924331665,
0,64.0,9.999999747378752e-06,64,1.779518485069275,0.6050724983215332,
0,65.0,9.999999747378752e-06,65,1.8495275974273682,0.5553191900253296,
0,66.0,9.999999747378752e-06,66,1.486396074295044,0.5376197099685669,
0,67.0,9.999999747378752e-06,67,1.7163313627243042,0.5617715716362,
0,68.0,9.999999747378752e-06,68,1.0062379837036133,0.49390530586242676,
0,69.0,9.999999747378752e-06,69,1.0797789096832275,0.46281909942626953,
0,70.0,9.999999747378752e-06,70,1.6200745105743408,0.6863572597503662,
0,71.0,9.999999747378752e-06,71,0.7049520611763,0.4169822931289673,
0,72.0,9.999999747378752e-06,72,1.6797021627426147,0.4685462713241577,
0,73.0,9.999999747378752e-06,73,1.940663456916809,0.6680161952972412,
0,74.0,9.999999747378752e-06,74,1.8604247570037842,0.6106060743331909,
0,75.0,9.999999747378752e-06,75,1.860197901725769,0.7556818127632141,
0,76.0,9.999999747378752e-06,76,1.9386701583862305,0.7742297053337097,
0,77.0,9.999999747378752e-06,77,2.8937888145446777,0.8365384340286255,
0,78.0,9.999999747378752e-06,78,1.4985843896865845,0.5536723136901855,
0,79.0,9.999999747378752e-06,79,1.7509567737579346,0.7195340394973755,
0,80.0,9.999999747378752e-06,80,2.099407434463501,0.687912106513977,
0,81.0,9.999999747378752e-06,81,2.7302651405334473,0.67277991771698,
0,82.0,9.999999747378752e-06,82,1.4709644317626953,0.5440475940704346,
0,83.0,9.999999747378752e-06,83,1.0891401767730713,0.47579121589660645,
0,84.0,9.999999747378752e-06,84,2.0253777503967285,0.6617647409439087,
0,85.0,9.999999747378752e-06,85,1.967443585395813,0.6375597715377808,
0,86.0,9.999999747378752e-06,86,1.623144507408142,0.5627015829086304,
0,87.0,9.999999747378752e-06,87,2.0515801906585693,0.754480242729187,
0,88.0,9.999999747378752e-06,88,1.5947765111923218,0.6952861547470093,
0,89.0,9.999999747378752e-06,89,1.673251986503601,0.6240079402923584,
0,90.0,9.999999747378752e-06,90,1.1745121479034424,0.4272727370262146,
0,91.0,9.999999747378752e-06,91,1.3216279745101929,0.5193049907684326,
0,92.0,9.999999747378752e-06,92,1.1031094789505005,0.4791666865348816,
0,93.0,9.999999747378752e-06,93,1.6994074583053589,0.5854166746139526,
0,94.0,9.999999747378752e-06,94,1.4486333131790161,0.5204918384552002,
0,95.0,9.999999747378752e-06,95,1.690300703048706,0.6257368326187134,
0,96.0,9.999999747378752e-06,96,1.4722895622253418,0.5652778148651123,
0,97.0,9.999999747378752e-06,97,1.942034125328064,0.5534273982048035,
0,98.0,9.999999747378752e-06,98,1.2923730611801147,0.5368589758872986,
0,99.0,9.999999747378752e-06,99,1.9245656728744507,0.639297366142273,
0,100.0,,99,,,0.34699785709381104
0,100.0,9.999999747378752e-06,100,1.8783905506134033,0.4427083432674408,
0,101.0,9.999999747378752e-06,101,1.8633776903152466,0.6038306355476379,
0,102.0,9.999999747378752e-06,102,1.8029505014419556,0.49545079469680786,
0,103.0,9.999999747378752e-06,103,0.9475567936897278,0.4166666865348816,
0,104.0,9.999999747378752e-06,104,3.027888059616089,0.7552631497383118,
0,105.0,9.999999747378752e-06,105,1.2440370321273804,0.4360182285308838,
0,106.0,9.999999747378752e-06,106,1.6039084196090698,0.6080309152603149,
0,107.0,9.999999747378752e-06,107,1.2515945434570312,0.5511953830718994,
0,108.0,9.999999747378752e-06,108,1.7759785652160645,0.6859244108200073,
0,109.0,9.999999747378752e-06,109,1.2346082925796509,0.5271682739257812,
0,110.0,9.999999747378752e-06,110,1.7913862466812134,0.5230768918991089,
0,111.0,9.999999747378752e-06,111,2.3752081394195557,0.6862499713897705,
0,112.0,9.999999747378752e-06,112,2.1767666339874268,0.8562924861907959,
0,113.0,9.999999747378752e-06,113,1.271885871887207,0.5022222399711609,
0,114.0,9.999999747378752e-06,114,2.0809550285339355,0.5726495981216431,
0,115.0,9.999999747378752e-06,115,1.2129219770431519,0.3500000238418579,
0,116.0,9.999999747378752e-06,116,1.660390853881836,0.5111842155456543,
0,117.0,9.999999747378752e-06,117,1.2147283554077148,0.5425576567649841,
0,118.0,9.999999747378752e-06,118,1.4192174673080444,0.5874125957489014,
0,119.0,9.999999747378752e-06,119,1.1481693983078003,0.3604753613471985,
0,120.0,9.999999747378752e-06,120,1.442813754081726,0.5896033048629761,
0,121.0,9.999999747378752e-06,121,1.075546145439148,0.40287160873413086,
0,122.0,9.999999747378752e-06,122,2.0428988933563232,0.7301790714263916,
0,123.0,9.999999747378752e-06,123,1.1729179620742798,0.3072916865348816,
0,124.0,9.999999747378752e-06,124,0.7405256032943726,0.43095239996910095,
0,125.0,9.999999747378752e-06,125,1.8722572326660156,0.6527777910232544,
0,126.0,9.999999747378752e-06,126,1.9225891828536987,0.582932710647583,
0,127.0,9.999999747378752e-06,127,1.5883708000183105,0.5338874459266663,
0,128.0,9.999999747378752e-06,128,0.8579127192497253,0.3077211380004883,
0,129.0,9.999999747378752e-06,129,2.6610279083251953,0.8333333730697632,
0,130.0,9.999999747378752e-06,130,1.187164068222046,0.4462686777114868,
0,131.0,9.999999747378752e-06,131,0.673282265663147,0.2361111044883728,
0,132.0,9.999999747378752e-06,132,2.587380886077881,0.7983595132827759,
0,133.0,9.999999747378752e-06,133,2.4655096530914307,0.7415711879730225,
0,134.0,9.999999747378752e-06,134,0.7392971515655518,0.30876070261001587,
0,135.0,9.999999747378752e-06,135,1.0588274002075195,0.4179292917251587,
0,136.0,9.999999747378752e-06,136,1.4221833944320679,0.6541666984558105,
0,137.0,9.999999747378752e-06,137,1.7801895141601562,0.5277973413467407,
0,138.0,9.999999747378752e-06,138,1.1840484142303467,0.5701298713684082,
0,139.0,9.999999747378752e-06,139,1.109176754951477,0.6029411554336548,
0,140.0,9.999999747378752e-06,140,1.277916669845581,0.45183825492858887,
0,141.0,9.999999747378752e-06,141,2.2254881858825684,0.6208791136741638,
0,142.0,9.999999747378752e-06,142,1.8940709829330444,0.6340067386627197,
0,143.0,9.999999747378752e-06,143,1.1244430541992188,0.48232322931289673,
0,144.0,9.999999747378752e-06,144,1.504990816116333,0.5037488341331482,
0,145.0,9.999999747378752e-06,145,1.337381362915039,0.46578946709632874,
0,146.0,9.999999747378752e-06,146,0.6177287101745605,0.25392886996269226,
0,147.0,9.999999747378752e-06,147,1.8471438884735107,0.6288156509399414,
0,148.0,9.999999747378752e-06,148,1.862151861190796,0.6079059839248657,
0,149.0,9.999999747378752e-06,149,1.7010728120803833,0.6783403158187866,
0,150.0,,149,,,0.3441423773765564
0,150.0,9.999999747378752e-06,150,1.8502475023269653,0.521026074886322,
0,151.0,9.999999747378752e-06,151,1.5694276094436646,0.5769230723381042,
0,152.0,9.999999747378752e-06,152,1.1846057176589966,0.4933035671710968,
0,153.0,9.999999747378752e-06,153,0.9978107213973999,0.4104747176170349,
0,154.0,9.999999747378752e-06,154,0.9360822439193726,0.3537449240684509,
0,155.0,9.999999747378752e-06,155,1.5755568742752075,0.42824074625968933,
0,156.0,9.999999747378752e-06,156,1.0681270360946655,0.512005627155304,
0,157.0,9.999999747378752e-06,157,1.0986454486846924,0.5666666626930237,
0,158.0,9.999999747378752e-06,158,1.426124095916748,0.7589285373687744,
0,159.0,9.999999747378752e-06,159,1.4621679782867432,0.6184210777282715,
0,160.0,9.999999747378752e-06,160,1.4663814306259155,0.485226571559906,
0,161.0,9.999999747378752e-06,161,1.8276443481445312,0.608618974685669,
0,162.0,9.999999747378752e-06,162,1.0157476663589478,0.3788580298423767,
0,163.0,9.999999747378752e-06,163,1.358680248260498,0.5579710006713867,
0,164.0,9.999999747378752e-06,164,1.2643580436706543,0.5643423795700073,
0,165.0,9.999999747378752e-06,165,0.9193493127822876,0.40143540501594543,
0,166.0,9.999999747378752e-06,166,1.1217225790023804,0.554895281791687,
0,167.0,9.999999747378752e-06,167,0.9796202778816223,0.5242674350738525,
0,168.0,9.999999747378752e-06,168,1.66281259059906,0.5866382718086243,
0,169.0,9.999999747378752e-06,169,1.20106041431427,0.42014068365097046,
0,170.0,9.999999747378752e-06,170,1.6346826553344727,0.5514553189277649,
0,171.0,9.999999747378752e-06,171,1.4168411493301392,0.5649038553237915,
0,172.0,9.999999747378752e-06,172,1.8203288316726685,0.6714285612106323,
0,173.0,9.999999747378752e-06,173,1.520018219947815,0.5984848737716675,
0,174.0,9.999999747378752e-06,174,1.4627763032913208,0.5006285309791565,
0,175.0,9.999999747378752e-06,175,1.8001708984375,0.5777777433395386,
0,176.0,9.999999747378752e-06,176,1.0402628183364868,0.36002179980278015,
0,177.0,9.999999747378752e-06,177,0.956959068775177,0.4047462046146393,
0,178.0,9.999999747378752e-06,178,1.2750978469848633,0.45112985372543335,
0,179.0,9.999999747378752e-06,179,1.2312281131744385,0.44999998807907104,
0,180.0,9.999999747378752e-06,180,1.976609468460083,0.6254767179489136,
0,181.0,9.999999747378752e-06,181,2.1159253120422363,0.5545977354049683,
0,182.0,9.999999747378752e-06,182,0.8323746919631958,0.35101011395454407,
0,183.0,9.999999747378752e-06,183,1.0367878675460815,0.39423561096191406,
0,184.0,9.999999747378752e-06,184,1.0872795581817627,0.5321969985961914,
0,185.0,9.999999747378752e-06,185,1.7754483222961426,0.6003952622413635,
0,186.0,9.999999747378752e-06,186,1.2930256128311157,0.4700695276260376,
0,187.0,9.999999747378752e-06,187,1.6247907876968384,0.5694444179534912,
0,188.0,9.999999747378752e-06,188,1.0029014348983765,0.3752955198287964,
0,189.0,9.999999747378752e-06,189,1.103814721107483,0.4166666865348816,
0,190.0,9.999999747378752e-06,190,3.2556519508361816,1.1428570747375488,
0,191.0,9.999999747378752e-06,191,1.4707129001617432,0.6726190447807312,
0,192.0,9.999999747378752e-06,192,1.5027278661727905,0.4270833134651184,
0,193.0,9.999999747378752e-06,193,1.1530433893203735,0.4968186616897583,
0,194.0,9.999999747378752e-06,194,1.7799618244171143,0.6788533926010132,
0,195.0,9.999999747378752e-06,195,1.1806962490081787,0.4677337408065796,
0,196.0,9.999999747378752e-06,196,1.7193429470062256,0.4910714626312256,
0,197.0,9.999999747378752e-06,197,1.1726468801498413,0.5254011154174805,
0,198.0,9.999999747378752e-06,198,1.1685484647750854,0.378078818321228,
0,199.0,9.999999747378752e-06,199,1.4424384832382202,0.6508772373199463,
0,200.0,,199,,,0.32873067259788513
0,200.0,9.999999747378752e-06,200,0.8652311563491821,0.38879600167274475,
0,201.0,9.999999747378752e-06,201,0.9829609990119934,0.4032168984413147,
0,202.0,9.999999747378752e-06,202,1.7342252731323242,0.6224696636199951,
0,203.0,9.999999747378752e-06,203,1.144750952720642,0.4753968119621277,
0,204.0,9.999999747378752e-06,204,1.4180145263671875,0.5601603984832764,
0,205.0,9.999999747378752e-06,205,1.8104373216629028,0.7202380895614624,
0,206.0,9.999999747378752e-06,206,1.4203381538391113,0.5034316778182983,
0,207.0,9.999999747378752e-06,207,1.3401685953140259,0.5185185670852661,
0,208.0,9.999999747378752e-06,208,1.1602555513381958,0.43983957171440125,
0,209.0,9.999999747378752e-06,209,1.5509697198867798,0.5496727228164673,
0,210.0,9.999999747378752e-06,210,1.9878982305526733,0.6864742040634155,
0,211.0,9.999999747378752e-06,211,1.265633463859558,0.6442856788635254,
0,212.0,9.999999747378752e-06,212,0.7565901875495911,0.2924671173095703,
0,213.0,9.999999747378752e-06,213,1.101435899734497,0.539434552192688,
0,214.0,9.999999747378752e-06,214,1.7781397104263306,0.4395604729652405,
0,215.0,9.999999747378752e-06,215,1.5055173635482788,0.5298625826835632,
0,216.0,9.999999747378752e-06,216,1.7941982746124268,0.6216346025466919,
0,217.0,9.999999747378752e-06,217,1.555417776107788,0.6464922428131104,
0,218.0,9.999999747378752e-06,218,2.042813539505005,0.6984052658081055,
0,219.0,9.999999747378752e-06,219,1.492134690284729,0.5009058117866516,
0,220.0,9.999999747378752e-06,220,1.4547475576400757,0.50330650806427,
0,221.0,9.999999747378752e-06,221,1.9816104173660278,0.7270471453666687,
0,222.0,9.999999747378752e-06,222,0.972922682762146,0.40900900959968567,
0,223.0,9.999999747378752e-06,223,0.6704123616218567,0.3433957099914551,
0,224.0,9.999999747378752e-06,224,1.0423718690872192,0.45622119307518005,
0,225.0,9.999999747378752e-06,225,0.7222533226013184,0.5068627595901489,
0,226.0,9.999999747378752e-06,226,1.468758463859558,0.6681922674179077,
0,227.0,9.999999747378752e-06,227,1.363251805305481,0.42129629850387573,
0,228.0,9.999999747378752e-06,228,1.1545121669769287,0.43417370319366455,
0,229.0,9.999999747378752e-06,229,1.8533029556274414,0.78125,
0,230.0,9.999999747378752e-06,230,1.4388315677642822,0.6089743375778198,
0,231.0,9.999999747378752e-06,231,1.4539698362350464,0.6422064900398254,
0,232.0,9.999999747378752e-06,232,1.7538946866989136,0.7557291984558105,
0,233.0,9.999999747378752e-06,233,0.8901146054267883,0.36391305923461914,
0,234.0,9.999999747378752e-06,234,0.9615105986595154,0.44461697340011597,
0,235.0,9.999999747378752e-06,235,1.4045464992523193,0.38333332538604736,
0,236.0,9.999999747378752e-06,236,1.7357120513916016,0.7325050830841064,
0,237.0,9.999999747378752e-06,237,1.9897068738937378,0.6818840503692627,
0,238.0,9.999999747378752e-06,238,1.4456173181533813,0.5340908765792847,
0,239.0,9.999999747378752e-06,239,1.9487485885620117,0.6463675498962402,
0,240.0,9.999999747378752e-06,240,1.7378112077713013,0.6468771696090698,
0,241.0,9.999999747378752e-06,241,1.0897061824798584,0.4263015389442444,
0,242.0,9.999999747378752e-06,242,1.5462424755096436,0.5447876453399658,
0,243.0,9.999999747378752e-06,243,0.7587183713912964,0.25824177265167236,
0,244.0,9.999999747378752e-06,244,1.0227266550064087,0.5244318246841431,
0,245.0,9.999999747378752e-06,245,1.552791953086853,0.6239495873451233,
0,246.0,9.999999747378752e-06,246,1.288185954093933,0.6079059839248657,
0,247.0,9.999999747378752e-06,247,1.8124375343322754,0.550000011920929,
0,248.0,9.999999747378752e-06,248,0.6539846658706665,0.3720238208770752,
0,249.0,9.999999747378752e-06,249,1.897048830986023,0.832123875617981,
0,250.0,,249,,,0.3334245979785919
0,250.0,9.999999747378752e-06,250,1.3814505338668823,0.5930233001708984,
0,251.0,9.999999747378752e-06,251,1.3032143115997314,0.4122806787490845,
0,252.0,9.999999747378752e-06,252,0.8939923048019409,0.4749373495578766,
0,253.0,9.999999747378752e-06,253,1.2625330686569214,0.3346405327320099,
0,254.0,9.999999747378752e-06,254,1.276859998703003,0.47857141494750977,
0,255.0,9.999999747378752e-06,255,1.8667752742767334,0.612938642501831,
0,256.0,9.999999747378752e-06,256,1.2666897773742676,0.6621966361999512,
0,257.0,9.999999747378752e-06,257,1.133791208267212,0.43842363357543945,
0,258.0,9.999999747378752e-06,258,1.4112534523010254,0.6392961740493774,
0,259.0,9.999999747378752e-06,259,1.8594447374343872,0.5581613779067993,
0,260.0,9.999999747378752e-06,260,2.0566601753234863,0.7721088528633118,
0,261.0,9.999999747378752e-06,261,1.1940337419509888,0.5328947305679321,
0,262.0,9.999999747378752e-06,262,1.516132116317749,0.5814516544342041,
0,263.0,9.999999747378752e-06,263,0.9785473346710205,0.45671477913856506,
0,264.0,9.999999747378752e-06,264,1.001084327697754,0.40322577953338623,
0,265.0,9.999999747378752e-06,265,1.3014742136001587,0.48275864124298096,
0,266.0,9.999999747378752e-06,266,1.899985909461975,0.562820553779602,
0,267.0,9.999999747378752e-06,267,1.7129640579223633,0.5085605382919312,
0,268.0,9.999999747378752e-06,268,1.2458029985427856,0.40509259700775146,
0,269.0,9.999999747378752e-06,269,1.429235577583313,0.4124040901660919,
0,270.0,9.999999747378752e-06,270,1.615206241607666,0.5393120646476746,
0,271.0,9.999999747378752e-06,271,2.3920135498046875,0.8008021116256714,
0,272.0,9.999999747378752e-06,272,1.3197590112686157,0.5590909123420715,
0,273.0,9.999999747378752e-06,273,1.6974953413009644,0.5687134265899658,
0,274.0,9.999999747378752e-06,274,1.7878282070159912,0.6134170293807983,
0,275.0,9.999999747378752e-06,275,1.1703228950500488,0.45588237047195435,
0,276.0,9.999999747378752e-06,276,2.0311193466186523,0.6660052537918091,
0,277.0,9.999999747378752e-06,277,1.3743560314178467,0.4312436878681183,
0,278.0,9.999999747378752e-06,278,0.7895708084106445,0.3841361999511719,
0,279.0,9.999999747378752e-06,279,1.4159263372421265,0.6335806846618652,
0,280.0,9.999999747378752e-06,280,1.2377420663833618,0.5848675966262817,
0,281.0,9.999999747378752e-06,281,1.9952322244644165,0.8432835936546326,
0,282.0,9.999999747378752e-06,282,1.8616846799850464,0.6071428656578064,
0,283.0,9.999999747378752e-06,283,1.4513306617736816,0.5298686027526855,
0,284.0,9.999999747378752e-06,284,1.6252049207687378,0.6280701756477356,
0,285.0,9.999999747378752e-06,285,1.4173060655593872,0.46904969215393066,
0,286.0,9.999999747378752e-06,286,1.181192398071289,0.3664335608482361,
0,287.0,9.999999747378752e-06,287,0.9376571774482727,0.43908366560935974,
0,288.0,9.999999747378752e-06,288,1.4240174293518066,0.5583524107933044,
0,289.0,9.999999747378752e-06,289,1.0870742797851562,0.4885394275188446,
0,290.0,9.999999747378752e-06,290,1.793765902519226,0.7954545617103577,
0,291.0,9.999999747378752e-06,291,0.9802094101905823,0.4469496011734009,
0,292.0,9.999999747378752e-06,292,1.8782049417495728,0.6899038553237915,
0,293.0,9.999999747378752e-06,293,2.4412405490875244,0.7250000238418579,
0,294.0,9.999999747378752e-06,294,1.2432960271835327,0.4572981297969818,
0,295.0,9.999999747378752e-06,295,1.276969075202942,0.37684211134910583,
0,296.0,9.999999747378752e-06,296,1.0418320894241333,0.42482519149780273,
0,297.0,9.999999747378752e-06,297,1.1764856576919556,0.47413793206214905,
0,298.0,9.999999747378752e-06,298,1.177207350730896,0.45652174949645996,
0,299.0,9.999999747378752e-06,299,1.4830322265625,0.5874316692352295,
0,300.0,,299,,,0.31504008173942566
0,300.0,9.999999747378752e-06,300,1.0093194246292114,0.3170163333415985,
0,301.0,9.999999747378752e-06,301,1.6270008087158203,0.6383547186851501,
0,302.0,9.999999747378752e-06,302,1.3321276903152466,0.7269736528396606,
0,303.0,9.999999747378752e-06,303,1.436418890953064,0.6084682941436768,
0,304.0,9.999999747378752e-06,304,1.5599374771118164,0.5339285731315613,
0,305.0,9.999999747378752e-06,305,1.2875348329544067,0.40512821078300476,
0,306.0,9.999999747378752e-06,306,1.869152307510376,0.5472028255462646,
0,307.0,9.999999747378752e-06,307,0.8039685487747192,0.24710425734519958,
0,308.0,9.999999747378752e-06,308,1.577578067779541,0.7074058055877686,
0,309.0,9.999999747378752e-06,309,1.4458611011505127,0.6261904835700989,
0,310.0,9.999999747378752e-06,310,0.9118620753288269,0.4298918843269348,
0,311.0,9.999999747378752e-06,311,1.899482250213623,0.5867346525192261,
0,312.0,9.999999747378752e-06,312,1.4586595296859741,0.6239181756973267,
0,313.0,9.999999747378752e-06,313,1.19231379032135,0.34488213062286377,
0,314.0,9.999999747378752e-06,314,2.3698770999908447,0.6527272462844849,
0,315.0,9.999999747378752e-06,315,1.8858083486557007,0.47233203053474426,
0,316.0,9.999999747378752e-06,316,2.00634503364563,0.7035256624221802,
0,317.0,9.999999747378752e-06,317,1.5180026292800903,0.5703125,
0,318.0,9.999999747378752e-06,318,1.4575023651123047,0.541993260383606,
0,319.0,9.999999747378752e-06,319,1.1011985540390015,0.4264705777168274,
0,320.0,9.999999747378752e-06,320,0.9555243849754333,0.3167960047721863,
0,321.0,9.999999747378752e-06,321,1.241324782371521,0.5228174924850464,
0,322.0,9.999999747378752e-06,322,1.1974791288375854,0.47101449966430664,
0,323.0,9.999999747378752e-06,323,1.038816213607788,0.45104897022247314,
0,324.0,9.999999747378752e-06,324,0.7869542241096497,0.3270588517189026,
0,325.0,9.999999747378752e-06,325,1.2180306911468506,0.39423078298568726,
0,326.0,9.999999747378752e-06,326,0.9225412607192993,0.4234693944454193,
0,327.0,9.999999747378752e-06,327,0.8175718784332275,0.3235294222831726,
0,328.0,9.999999747378752e-06,328,1.487564206123352,0.5336538553237915,
0,329.0,9.999999747378752e-06,329,0.7590612173080444,0.4634742736816406,
0,330.0,9.999999747378752e-06,330,1.1638506650924683,0.5116539597511292,
0,331.0,9.999999747378752e-06,331,0.9097115993499756,0.5051851868629456,
0,332.0,9.999999747378752e-06,332,1.297026515007019,0.5307692289352417,
0,333.0,9.999999747378752e-06,333,1.8812413215637207,0.6659420132637024,
0,334.0,9.999999747378752e-06,334,1.2541900873184204,0.7035518884658813,
0,335.0,9.999999747378752e-06,335,0.8882116675376892,0.3556763231754303,
0,336.0,9.999999747378752e-06,336,1.1354542970657349,0.5535714626312256,
0,337.0,9.999999747378752e-06,337,0.829289972782135,0.5619239807128906,
0,338.0,9.999999747378752e-06,338,1.6898002624511719,0.5625889301300049,
0,339.0,9.999999747378752e-06,339,1.193820834159851,0.3632459342479706,
0,340.0,9.999999747378752e-06,340,1.1211718320846558,0.3222222328186035,
0,341.0,9.999999747378752e-06,341,0.9346328377723694,0.3496543765068054,
0,342.0,9.999999747378752e-06,342,0.8240144848823547,0.5862069129943848,
1,343.0,9.999999747378752e-06,343,1.444002628326416,0.4786206781864166,
1,344.0,9.999999747378752e-06,344,0.805742084980011,0.40692898631095886,
1,345.0,9.999999747378752e-06,345,0.8368428349494934,0.3819924592971802,
1,346.0,9.999999747378752e-06,346,1.2379841804504395,0.3871610760688782,
1,347.0,9.999999747378752e-06,347,1.157232642173767,0.4848484992980957,
1,348.0,9.999999747378752e-06,348,1.8304709196090698,0.5125973224639893,
1,349.0,9.999999747378752e-06,349,1.5932409763336182,0.6048069000244141,
1,350.0,,349,,,0.3070604205131531
1,350.0,9.999999747378752e-06,350,1.5331141948699951,0.6325757503509521,
1,351.0,9.999999747378752e-06,351,1.542935848236084,0.5687669515609741,
1,352.0,9.999999747378752e-06,352,2.4834413528442383,0.6931034326553345,
1,353.0,9.999999747378752e-06,353,1.2223963737487793,0.5200216174125671,
1,354.0,9.999999747378752e-06,354,1.3119425773620605,0.5496969819068909,
1,355.0,9.999999747378752e-06,355,1.716658353805542,0.5980392694473267,
1,356.0,9.999999747378752e-06,356,1.1761703491210938,0.4572303891181946,
1,357.0,9.999999747378752e-06,357,1.1845030784606934,0.5069169998168945,
1,358.0,9.999999747378752e-06,358,1.0673307180404663,0.4063706398010254,
1,359.0,9.999999747378752e-06,359,0.9561193585395813,0.43186938762664795,
1,360.0,9.999999747378752e-06,360,1.4369443655014038,0.6388888955116272,
1,361.0,9.999999747378752e-06,361,1.0290335416793823,0.4405374526977539,
1,362.0,9.999999747378752e-06,362,1.6484471559524536,0.7423809766769409,
1,363.0,9.999999747378752e-06,363,1.165860891342163,0.4850427508354187,
1,364.0,9.999999747378752e-06,364,1.2860729694366455,0.5142857432365417,
1,365.0,9.999999747378752e-06,365,0.7926270365715027,0.3034047782421112,
1,366.0,9.999999747378752e-06,366,0.5784974694252014,0.4698275923728943,
1,367.0,9.999999747378752e-06,367,0.7346614599227905,0.34285715222358704,
1,368.0,9.999999747378752e-06,368,1.4752492904663086,0.5686046481132507,
1,369.0,9.999999747378752e-06,369,1.4350258111953735,0.4212903082370758,
1,370.0,9.999999747378752e-06,370,1.329034447669983,0.5053763389587402,
1,371.0,9.999999747378752e-06,371,0.7899879217147827,0.33861440420150757,
1,372.0,9.999999747378752e-06,372,1.1269183158874512,0.5041666626930237,
1,373.0,9.999999747378752e-06,373,1.508105754852295,0.6868686676025391,
1,374.0,9.999999747378752e-06,374,1.696492314338684,0.554125964641571,
1,375.0,9.999999747378752e-06,375,1.5115578174591064,0.4316239356994629,
1,376.0,9.999999747378752e-06,376,1.2657508850097656,0.42443180084228516,
1,377.0,9.999999747378752e-06,377,0.9555012583732605,0.41411203145980835,
1,378.0,9.999999747378752e-06,378,0.6517236232757568,0.22580644488334656,
1,379.0,9.999999747378752e-06,379,1.3319052457809448,0.4834368824958801,
1,380.0,9.999999747378752e-06,380,0.6602528095245361,0.29949843883514404,
1,381.0,9.999999747378752e-06,381,1.3900660276412964,0.6521297693252563,
1,382.0,9.999999747378752e-06,382,1.6550562381744385,0.8198757767677307,
1,383.0,9.999999747378752e-06,383,0.8587715029716492,0.31757092475891113,
1,384.0,9.999999747378752e-06,384,1.1340967416763306,0.47373950481414795,
1,385.0,9.999999747378752e-06,385,1.2948405742645264,0.612407386302948,
1,386.0,9.999999747378752e-06,386,0.8869336843490601,0.27020201086997986,
1,387.0,9.999999747378752e-06,387,0.7905012369155884,0.4375,
1,388.0,9.999999747378752e-06,388,1.6968218088150024,0.6041666865348816,
1,389.0,9.999999747378752e-06,389,0.8436669111251831,0.2935065031051636,
1,390.0,9.999999747378752e-06,390,1.6369655132293701,0.7200000286102295,
1,391.0,9.999999747378752e-06,391,1.1377164125442505,0.34558823704719543,
1,392.0,9.999999747378752e-06,392,1.492280125617981,0.5711427927017212,
1,393.0,9.999999747378752e-06,393,1.2720518112182617,0.38273757696151733,
1,394.0,9.999999747378752e-06,394,1.9653105735778809,0.5374331474304199,
1,395.0,9.999999747378752e-06,395,1.0568459033966064,0.5857143402099609,
1,396.0,9.999999747378752e-06,396,0.9881830215454102,0.4285714328289032,
1,397.0,9.999999747378752e-06,397,1.1797658205032349,0.5272045135498047,
1,398.0,9.999999747378752e-06,398,1.4525681734085083,0.5269607901573181,
1,399.0,9.999999747378752e-06,399,0.9669954776763916,0.5541125535964966,
1,400.0,,399,,,0.3103070557117462
1,400.0,9.999999747378752e-06,400,1.2502328157424927,0.4013303816318512,
1,401.0,9.999999747378752e-06,401,1.900469422340393,0.4523809552192688,
1,402.0,9.999999747378752e-06,402,0.9342750906944275,0.4246305227279663,
1,403.0,9.999999747378752e-06,403,1.459204077720642,0.42490118741989136,
1,404.0,9.999999747378752e-06,404,1.2318159341812134,0.4313725531101227,
1,405.0,9.999999747378752e-06,405,0.93379145860672,0.39803439378738403,
1,406.0,9.999999747378752e-06,406,1.8657382726669312,0.6396198868751526,
1,407.0,9.999999747378752e-06,407,1.5175812244415283,0.6225296258926392,
1,408.0,9.999999747378752e-06,408,2.4975550174713135,0.817307710647583,
1,409.0,9.999999747378752e-06,409,1.2546151876449585,0.46675193309783936,
1,410.0,9.999999747378752e-06,410,1.6837904453277588,0.716911792755127,
1,411.0,9.999999747378752e-06,411,0.9949827194213867,0.45954108238220215,
1,412.0,9.999999747378752e-06,412,2.4462287425994873,0.9130434989929199,
1,413.0,9.999999747378752e-06,413,2.5327916145324707,0.695852518081665,
1,414.0,9.999999747378752e-06,414,1.3980785608291626,0.49702584743499756,
1,415.0,9.999999747378752e-06,415,1.1266505718231201,0.46820175647735596,
1,416.0,9.999999747378752e-06,416,1.5048446655273438,0.7229166626930237,
1,417.0,9.999999747378752e-06,417,0.9929492473602295,0.29153603315353394,
1,418.0,9.999999747378752e-06,418,0.9285107851028442,0.489130437374115,
1,419.0,9.999999747378752e-06,419,1.2023744583129883,0.5879917144775391,
1,420.0,9.999999747378752e-06,420,1.2173436880111694,0.467717707157135,
1,421.0,9.999999747378752e-06,421,1.386014699935913,0.550000011920929,
1,422.0,9.999999747378752e-06,422,0.9344395995140076,0.411476731300354,
1,423.0,9.999999747378752e-06,423,1.7765140533447266,0.738095223903656,
1,424.0,9.999999747378752e-06,424,1.2398102283477783,0.30744948983192444,
1,425.0,9.999999747378752e-06,425,1.604711890220642,0.5673311352729797,
1,426.0,9.999999747378752e-06,426,1.047939419746399,0.47083333134651184,
1,427.0,9.999999747378752e-06,427,0.9896131753921509,0.40339550375938416,
1,428.0,9.999999747378752e-06,428,1.3860924243927002,0.6581614017486572,
1,429.0,9.999999747378752e-06,429,1.1585438251495361,0.4135245680809021,
1,430.0,9.999999747378752e-06,430,1.3406016826629639,0.5642857551574707,
1,431.0,9.999999747378752e-06,431,1.1280810832977295,0.4051724076271057,
1,432.0,9.999999747378752e-06,432,0.8351893424987793,0.3915441036224365,
1,433.0,9.999999747378752e-06,433,1.505829930305481,0.5303030610084534,
1,434.0,9.999999747378752e-06,434,1.100137710571289,0.3484848737716675,
1,435.0,9.999999747378752e-06,435,1.775883674621582,0.7291666269302368,
1,436.0,9.999999747378752e-06,436,1.5258859395980835,0.6027649641036987,
1,437.0,9.999999747378752e-06,437,1.5374990701675415,0.6968085169792175,
1,438.0,9.999999747378752e-06,438,1.368891716003418,0.5791535973548889,
1,439.0,9.999999747378752e-06,439,1.5946694612503052,0.5935267210006714,
1,440.0,9.999999747378752e-06,440,1.3052438497543335,0.6709677577018738,
1,441.0,9.999999747378752e-06,441,1.118800401687622,0.5400000214576721,
1,442.0,9.999999747378752e-06,442,1.6012071371078491,0.692307710647583,
1,443.0,9.999999747378752e-06,443,1.1763938665390015,0.42471590638160706,
1,444.0,9.999999747378752e-06,444,0.9887454509735107,0.3708791136741638,
1,445.0,9.999999747378752e-06,445,1.6742314100265503,0.6154255270957947,
1,446.0,9.999999747378752e-06,446,1.0911927223205566,0.42143526673316956,
1,447.0,9.999999747378752e-06,447,1.3237876892089844,0.5095694065093994,
1,448.0,9.999999747378752e-06,448,1.3870596885681152,0.44191282987594604,
1,449.0,9.999999747378752e-06,449,1.3823896646499634,0.49640804529190063,
1,450.0,,449,,,0.3033835291862488
1,450.0,9.999999747378752e-06,450,1.347782850265503,0.5723754167556763,
1,451.0,9.999999747378752e-06,451,1.160860538482666,0.5486111044883728,
1,452.0,9.999999747378752e-06,452,0.8454275727272034,0.41295045614242554,
1,453.0,9.999999747378752e-06,453,1.226393222808838,0.4849865138530731,
1,454.0,9.999999747378752e-06,454,1.3701612949371338,0.3443181812763214,
1,455.0,9.999999747378752e-06,455,1.043383002281189,0.41159090399742126,
1,456.0,9.999999747378752e-06,456,1.349668025970459,0.4267857074737549,
1,457.0,9.999999747378752e-06,457,1.5297826528549194,0.5625,
1,458.0,9.999999747378752e-06,458,1.5042827129364014,0.49593496322631836,
1,459.0,9.999999747378752e-06,459,1.19761061668396,0.5639951825141907,
1,460.0,9.999999747378752e-06,460,1.0319552421569824,0.5190476179122925,
1,461.0,9.999999747378752e-06,461,1.0806162357330322,0.49267399311065674,
1,462.0,9.999999747378752e-06,462,1.4556597471237183,0.6000000238418579,
1,463.0,9.999999747378752e-06,463,1.4439131021499634,0.49957847595214844,
1,464.0,9.999999747378752e-06,464,0.7940530180931091,0.2994228005409241,
1,465.0,9.999999747378752e-06,465,1.1880160570144653,0.5869898200035095,
1,466.0,9.999999747378752e-06,466,0.9385859966278076,0.46803995966911316,
1,467.0,9.999999747378752e-06,467,0.9804595112800598,0.36538460850715637,
1,468.0,9.999999747378752e-06,468,1.3746730089187622,0.5435663461685181,
1,469.0,9.999999747378752e-06,469,1.2331434488296509,0.4315726161003113,
1,470.0,9.999999747378752e-06,470,1.362328290939331,0.5968992114067078,
1,471.0,9.999999747378752e-06,471,1.4025685787200928,0.5170527696609497,
1,472.0,9.999999747378752e-06,472,1.1764780282974243,0.3700750470161438,
1,473.0,9.999999747378752e-06,473,1.161458969116211,0.4610805809497833,
1,474.0,9.999999747378752e-06,474,2.3355841636657715,0.6851851940155029,
1,475.0,9.999999747378752e-06,475,1.4386430978775024,0.39411765336990356,
1,476.0,9.999999747378752e-06,476,0.8932799100875854,0.28863635659217834,
1,477.0,9.999999747378752e-06,477,1.3684574365615845,0.527898907661438,
1,478.0,9.999999747378752e-06,478,0.8247864842414856,0.5050466060638428,
1,479.0,9.999999747378752e-06,479,1.0214859247207642,0.3523608446121216,
1,480.0,9.999999747378752e-06,480,1.4263405799865723,0.48178136348724365,
1,481.0,9.999999747378752e-06,481,1.6558037996292114,0.6387931108474731,
1,482.0,9.999999747378752e-06,482,0.9536827802658081,0.313881516456604,
1,483.0,9.999999747378752e-06,483,1.317168116569519,0.561935305595398,
1,484.0,9.999999747378752e-06,484,0.7993121147155762,0.3009302318096161,
1,485.0,9.999999747378752e-06,485,1.268742322921753,0.4300000071525574,
1,486.0,9.999999747378752e-06,486,1.8608384132385254,0.7107007503509521,
1,487.0,9.999999747378752e-06,487,3.404374122619629,0.800000011920929,
1,488.0,9.999999747378752e-06,488,0.9608789086341858,0.3139992952346802,
1,489.0,9.999999747378752e-06,489,1.223341703414917,0.393211305141449,
1,490.0,9.999999747378752e-06,490,1.2790151834487915,0.5151068568229675,
1,491.0,9.999999747378752e-06,491,0.8307475447654724,0.48502305150032043,
1,492.0,9.999999747378752e-06,492,0.6865442991256714,0.3799172043800354,
1,493.0,9.999999747378752e-06,493,1.6875685453414917,0.4371921122074127,
1,494.0,9.999999747378752e-06,494,1.0857747793197632,0.5059523582458496,
1,495.0,9.999999747378752e-06,495,0.950347900390625,0.4248533546924591,
1,496.0,9.999999747378752e-06,496,2.1665432453155518,0.7369281053543091,
1,497.0,9.999999747378752e-06,497,1.063498854637146,0.5563725233078003,
1,498.0,9.999999747378752e-06,498,0.8098744750022888,0.4214320778846741,
1,499.0,9.999999747378752e-06,499,0.8490595817565918,0.37196969985961914,
1,500.0,,499,,,0.2975943684577942
1,500.0,9.999999747378752e-06,500,0.9921157956123352,0.5007166266441345,
1,501.0,9.999999747378752e-06,501,2.008505344390869,0.5416666269302368,
1,502.0,9.999999747378752e-06,502,1.2203795909881592,0.4901185631752014,
1,503.0,9.999999747378752e-06,503,1.0849580764770508,0.3300950825214386,
1,504.0,9.999999747378752e-06,504,1.8503345251083374,0.6117216348648071,
1,505.0,9.999999747378752e-06,505,1.1685349941253662,0.4234375059604645,
1,506.0,9.999999747378752e-06,506,1.7533844709396362,0.5659536719322205,
1,507.0,9.999999747378752e-06,507,1.0663270950317383,0.48613595962524414,
1,508.0,9.999999747378752e-06,508,0.941989541053772,0.45043861865997314,
1,509.0,9.999999747378752e-06,509,1.2790778875350952,0.5367892980575562,
1,510.0,9.999999747378752e-06,510,1.0196691751480103,0.44220778346061707,
1,511.0,9.999999747378752e-06,511,1.1667131185531616,0.3973214328289032,
1,512.0,9.999999747378752e-06,512,0.8309569954872131,0.3810194730758667,
1,513.0,9.999999747378752e-06,513,0.7994642853736877,0.307407408952713,
1,514.0,9.999999747378752e-06,514,2.762089252471924,0.8333333730697632,
1,515.0,9.999999747378752e-06,515,1.0723153352737427,0.4989550709724426,
1,516.0,9.999999747378752e-06,516,1.1698014736175537,0.45673078298568726,
1,517.0,9.999999747378752e-06,517,1.1527131795883179,0.4413461685180664,
1,518.0,9.999999747378752e-06,518,0.7809562683105469,0.41560664772987366,
1,519.0,9.999999747378752e-06,519,1.7044332027435303,0.6333333253860474,
1,520.0,9.999999747378752e-06,520,1.4868611097335815,0.5438889265060425,
1,521.0,9.999999747378752e-06,521,1.078799843788147,0.4444444477558136,
1,522.0,9.999999747378752e-06,522,1.3369548320770264,0.44896113872528076,
1,523.0,9.999999747378752e-06,523,1.1961654424667358,0.5113043189048767,
1,524.0,9.999999747378752e-06,524,1.7064770460128784,0.5530303120613098,
1,525.0,9.999999747378752e-06,525,1.1277978420257568,0.32512733340263367,
1,526.0,9.999999747378752e-06,526,0.9902454018592834,0.477011501789093,
1,527.0,9.999999747378752e-06,527,1.3587371110916138,0.521336555480957,
1,528.0,9.999999747378752e-06,528,1.97052800655365,0.5332480669021606,
1,529.0,9.999999747378752e-06,529,1.1802867650985718,0.4866102933883667,
1,530.0,9.999999747378752e-06,530,1.4732948541641235,0.568951427936554,
1,531.0,9.999999747378752e-06,531,1.0342541933059692,0.49592745304107666,
1,532.0,9.999999747378752e-06,532,2.2505133152008057,0.6006787419319153,
1,533.0,9.999999747378752e-06,533,1.461701512336731,0.49395447969436646,
1,534.0,9.999999747378752e-06,534,0.8746991157531738,0.3090481758117676,
1,535.0,9.999999747378752e-06,535,1.0120669603347778,0.49425286054611206,
1,536.0,9.999999747378752e-06,536,1.1792521476745605,0.3956349194049835,
1,537.0,9.999999747378752e-06,537,1.1401978731155396,0.35555556416511536,
1,538.0,9.999999747378752e-06,538,1.2116272449493408,0.6400256156921387,
1,539.0,9.999999747378752e-06,539,1.034561038017273,0.41876429319381714,
1,540.0,9.999999747378752e-06,540,1.0826497077941895,0.5840336084365845,
1,541.0,9.999999747378752e-06,541,0.8994054794311523,0.30100181698799133,
1,542.0,9.999999747378752e-06,542,1.0651346445083618,0.34285715222358704,
1,543.0,9.999999747378752e-06,543,0.8472229242324829,0.40964052081108093,
1,544.0,9.999999747378752e-06,544,0.8948525190353394,0.37472254037857056,
1,545.0,9.999999747378752e-06,545,1.544082760810852,0.5094696879386902,
1,546.0,9.999999747378752e-06,546,0.9051333665847778,0.3217121660709381,
1,547.0,9.999999747378752e-06,547,1.5284899473190308,0.5556772947311401,
1,548.0,9.999999747378752e-06,548,0.865053653717041,0.3775178790092468,
1,549.0,9.999999747378752e-06,549,1.549277424812317,0.5628787875175476,
1,550.0,,549,,,0.2989242970943451
1,550.0,9.999999747378752e-06,550,1.4545286893844604,0.739130437374115,
1,551.0,9.999999747378752e-06,551,0.7904582619667053,0.4459691345691681,
1,552.0,9.999999747378752e-06,552,0.901534378528595,0.3553459048271179,
1,553.0,9.999999747378752e-06,553,0.9536932706832886,0.3720238208770752,
1,554.0,9.999999747378752e-06,554,1.7181081771850586,0.5357142686843872,
1,555.0,9.999999747378752e-06,555,1.224125623703003,0.4122636318206787,
1,556.0,9.999999747378752e-06,556,1.315622329711914,0.41638511419296265,
1,557.0,9.999999747378752e-06,557,1.970746636390686,0.6216216087341309,
1,558.0,9.999999747378752e-06,558,1.3724336624145508,0.5752118825912476,
1,559.0,9.999999747378752e-06,559,0.8708215355873108,0.4125000238418579,
1,560.0,9.999999747378752e-06,560,1.127520203590393,0.6028261184692383,
1,561.0,9.999999747378752e-06,561,1.8495670557022095,0.6395348906517029,
1,562.0,9.999999747378752e-06,562,1.320373773574829,0.5454545617103577,
1,563.0,9.999999747378752e-06,563,0.9856603145599365,0.3511904776096344,
1,564.0,9.999999747378752e-06,564,3.416645050048828,0.6515151262283325,
1,565.0,9.999999747378752e-06,565,1.5452520847320557,0.4072681665420532,
1,566.0,9.999999747378752e-06,566,0.680694580078125,0.342342346906662,
1,567.0,9.999999747378752e-06,567,0.9803228974342346,0.498892605304718,
1,568.0,9.999999747378752e-06,568,1.6508764028549194,0.5715447664260864,
1,569.0,9.999999747378752e-06,569,1.133103609085083,0.431837797164917,
1,570.0,9.999999747378752e-06,570,0.8814621567726135,0.4423912763595581,
1,571.0,9.999999747378752e-06,571,1.5004284381866455,0.5405982732772827,
1,572.0,9.999999747378752e-06,572,1.0865458250045776,0.3970588445663452,
1,573.0,9.999999747378752e-06,573,1.6725107431411743,0.667272686958313,
1,574.0,9.999999747378752e-06,574,1.339523196220398,0.5056818127632141,
1,575.0,9.999999747378752e-06,575,1.356321930885315,0.4678683280944824,
1,576.0,9.999999747378752e-06,576,1.357047438621521,0.48269230127334595,
1,577.0,9.999999747378752e-06,577,0.8207265734672546,0.4134182929992676,
1,578.0,9.999999747378752e-06,578,1.156716227531433,0.38106468319892883,
1,579.0,9.999999747378752e-06,579,0.964708685874939,0.3497312664985657,
1,580.0,9.999999747378752e-06,580,1.2949575185775757,0.5062159895896912,
1,581.0,9.999999747378752e-06,581,1.0088396072387695,0.348996639251709,
1,582.0,9.999999747378752e-06,582,1.407534122467041,0.5562660098075867,
1,583.0,9.999999747378752e-06,583,1.8933213949203491,0.6759259700775146,
1,584.0,9.999999747378752e-06,584,1.4901288747787476,0.4812297224998474,
1,585.0,9.999999747378752e-06,585,1.531063437461853,0.6647058725357056,
1,586.0,9.999999747378752e-06,586,1.6813637018203735,0.6133005023002625,
1,587.0,9.999999747378752e-06,587,1.7370795011520386,0.6100000143051147,
1,588.0,9.999999747378752e-06,588,1.2743983268737793,0.5769230723381042,
1,589.0,9.999999747378752e-06,589,1.4427695274353027,0.5821078419685364,
1,590.0,9.999999747378752e-06,590,1.2098643779754639,0.4333333373069763,
1,591.0,9.999999747378752e-06,591,1.1724562644958496,0.3106451630592346,
1,592.0,9.999999747378752e-06,592,1.0832481384277344,0.45075157284736633,
1,593.0,9.999999747378752e-06,593,0.7558456659317017,0.42867231369018555,
1,594.0,9.999999747378752e-06,594,1.5587466955184937,0.613095223903656,
1,595.0,9.999999747378752e-06,595,1.2106577157974243,0.49444445967674255,
1,596.0,9.999999747378752e-06,596,1.4786490201950073,0.4469696879386902,
1,597.0,9.999999747378752e-06,597,1.0375428199768066,0.5733391046524048,
1,598.0,9.999999747378752e-06,598,0.851514995098114,0.44963371753692627,
1,599.0,9.999999747378752e-06,599,0.8509658575057983,0.28767749667167664,
1,600.0,,599,,,0.29489535093307495
1,600.0,9.999999747378752e-06,600,1.2451002597808838,0.4556856155395508,
1,601.0,9.999999747378752e-06,601,0.7771489024162292,0.383705198764801,
1,602.0,9.999999747378752e-06,602,1.691098690032959,0.4289516806602478,
1,603.0,9.999999747378752e-06,603,1.4679512977600098,0.5546875,
1,604.0,9.999999747378752e-06,604,1.046349048614502,0.4851852059364319,
1,605.0,9.999999747378752e-06,605,1.064071774482727,0.6020230054855347,
1,606.0,9.999999747378752e-06,606,1.1791870594024658,0.4119601249694824,
1,607.0,9.999999747378752e-06,607,1.3818153142929077,0.5677655935287476,
1,608.0,9.999999747378752e-06,608,1.6302638053894043,0.6621767282485962,
1,609.0,9.999999747378752e-06,609,0.9729239344596863,0.48466435074806213,
1,610.0,9.999999747378752e-06,610,0.6669331192970276,0.2882051467895508,
1,611.0,9.999999747378752e-06,611,1.160821557044983,0.5343980193138123,
1,612.0,9.999999747378752e-06,612,1.3361886739730835,0.5443143844604492,
1,613.0,9.999999747378752e-06,613,0.8606643676757812,0.43948742747306824,
1,614.0,9.999999747378752e-06,614,0.9905670285224915,0.413617879152298,
1,615.0,9.999999747378752e-06,615,1.1479240655899048,0.44019609689712524,
1,616.0,9.999999747378752e-06,616,0.8212116956710815,0.2934473156929016,
1,617.0,9.999999747378752e-06,617,0.6731101870536804,0.3540703058242798,
1,618.0,9.999999747378752e-06,618,0.8457778692245483,0.3264957368373871,
1,619.0,9.999999747378752e-06,619,0.95050448179245,0.34731706976890564,
1,620.0,9.999999747378752e-06,620,0.8832138776779175,0.5151515007019043,
1,621.0,9.999999747378752e-06,621,0.8977777361869812,0.36215537786483765,
1,622.0,9.999999747378752e-06,622,0.815575122833252,0.43910256028175354,
1,623.0,9.999999747378752e-06,623,0.8980992436408997,0.31765955686569214,
1,624.0,9.999999747378752e-06,624,1.824636697769165,0.5205108523368835,
1,625.0,9.999999747378752e-06,625,1.1202690601348877,0.399394154548645,
1,626.0,9.999999747378752e-06,626,1.0184357166290283,0.4017302691936493,
1,627.0,9.999999747378752e-06,627,1.1255066394805908,0.43843844532966614,
1,628.0,9.999999747378752e-06,628,0.7621342539787292,0.3146551847457886,
1,629.0,9.999999747378752e-06,629,0.8595365881919861,0.44736844301223755,
1,630.0,9.999999747378752e-06,630,0.6567258238792419,0.3500325083732605,
1,631.0,9.999999747378752e-06,631,0.8587621450424194,0.3690909147262573,
1,632.0,9.999999747378752e-06,632,0.7844933271408081,0.41935116052627563,
1,633.0,9.999999747378752e-06,633,1.1996899843215942,0.3844696879386902,
1,634.0,9.999999747378752e-06,634,1.1069575548171997,0.5058558583259583,
1,635.0,9.999999747378752e-06,635,0.9247304201126099,0.3474358916282654,
1,636.0,9.999999747378752e-06,636,1.2124645709991455,0.41280239820480347,
1,637.0,9.999999747378752e-06,637,1.3307642936706543,0.6228070259094238,
1,638.0,9.999999747378752e-06,638,0.9378494024276733,0.44602274894714355,
1,639.0,9.999999747378752e-06,639,1.718359351158142,0.5478261113166809,
1,640.0,9.999999747378752e-06,640,1.1693309545516968,0.5027173757553101,
1,641.0,9.999999747378752e-06,641,1.1799335479736328,0.5941176414489746,
1,642.0,9.999999747378752e-06,642,0.8051864504814148,0.3545454740524292,
1,643.0,9.999999747378752e-06,643,1.0667738914489746,0.3680555522441864,
1,644.0,9.999999747378752e-06,644,0.691838264465332,0.3402002453804016,
1,645.0,9.999999747378752e-06,645,1.0413779020309448,0.38351553678512573,
1,646.0,9.999999747378752e-06,646,3.244032621383667,0.9600000381469727,
1,647.0,9.999999747378752e-06,647,1.5945879220962524,0.5166666507720947,
1,648.0,9.999999747378752e-06,648,1.4524716138839722,0.38141027092933655,
1,649.0,9.999999747378752e-06,649,0.8939663767814636,0.3679032325744629,
1,650.0,,649,,,0.2836299538612366
1,650.0,9.999999747378752e-06,650,1.3866839408874512,0.6409090757369995,
1,651.0,9.999999747378752e-06,651,0.9735631942749023,0.37851661443710327,
1,652.0,9.999999747378752e-06,652,0.8459390997886658,0.529891312122345,
1,653.0,9.999999747378752e-06,653,0.9244750738143921,0.4479166865348816,
1,654.0,9.999999747378752e-06,654,1.0872312784194946,0.3660130798816681,
1,655.0,9.999999747378752e-06,655,1.2762497663497925,0.5155971646308899,
1,656.0,9.999999747378752e-06,656,1.1931017637252808,0.4778708219528198,
1,657.0,9.999999747378752e-06,657,1.5139617919921875,0.5055555701255798,
1,658.0,9.999999747378752e-06,658,1.5680030584335327,0.5385005474090576,
1,659.0,9.999999747378752e-06,659,0.9644456505775452,0.37681159377098083,
1,660.0,9.999999747378752e-06,660,0.8765221834182739,0.3956916332244873,
1,661.0,9.999999747378752e-06,661,1.1131770610809326,0.22504457831382751,
1,662.0,9.999999747378752e-06,662,1.8617160320281982,0.7165848016738892,
1,663.0,9.999999747378752e-06,663,0.6155709028244019,0.2739361524581909,
1,664.0,9.999999747378752e-06,664,1.367676854133606,0.550000011920929,
1,665.0,9.999999747378752e-06,665,1.1347639560699463,0.5407573580741882,
1,666.0,9.999999747378752e-06,666,1.771959662437439,0.8026315569877625,
1,667.0,9.999999747378752e-06,667,1.409401774406433,0.4879661202430725,
1,668.0,9.999999747378752e-06,668,1.0202159881591797,0.4192405045032501,
1,669.0,9.999999747378752e-06,669,1.2841742038726807,0.7878150939941406,
1,670.0,9.999999747378752e-06,670,1.0324245691299438,0.375,
1,671.0,9.999999747378752e-06,671,1.885318636894226,0.5476190447807312,
1,672.0,9.999999747378752e-06,672,0.7225974798202515,0.27222222089767456,
1,673.0,9.999999747378752e-06,673,1.0232287645339966,0.41025641560554504,
1,674.0,9.999999747378752e-06,674,1.3168811798095703,0.5611110925674438,
1,675.0,9.999999747378752e-06,675,1.0201612710952759,0.4802737236022949,
1,676.0,9.999999747378752e-06,676,1.2947453260421753,0.515813946723938,
1,677.0,9.999999747378752e-06,677,0.8903185129165649,0.3810344934463501,
1,678.0,9.999999747378752e-06,678,2.108346462249756,0.7254838943481445,
1,679.0,9.999999747378752e-06,679,0.8336352705955505,0.32148393988609314,
1,680.0,9.999999747378752e-06,680,1.3363912105560303,0.42034316062927246,
1,681.0,9.999999747378752e-06,681,0.8662184476852417,0.41573381423950195,
1,682.0,9.999999747378752e-06,682,1.937440037727356,0.7066666483879089,
1,683.0,9.999999747378752e-06,683,1.1734591722488403,0.3815789520740509,
1,684.0,9.999999747378752e-06,684,1.8786309957504272,0.7671957612037659,
1,685.0,9.999999747378752e-06,685,1.8690102100372314,0.6428571343421936,
2,686.0,9.999999747378752e-06,686,1.3170114755630493,0.35752689838409424,
2,687.0,9.999999747378752e-06,687,1.7755417823791504,0.7171717286109924,
2,688.0,9.999999747378752e-06,688,1.3968302011489868,0.5982906222343445,
2,689.0,9.999999747378752e-06,689,2.3576040267944336,0.6814285516738892,
2,690.0,9.999999747378752e-06,690,1.2117724418640137,0.5064935088157654,
2,691.0,9.999999747378752e-06,691,1.072060465812683,0.4527529776096344,
2,692.0,9.999999747378752e-06,692,0.5694239735603333,0.22132551670074463,
2,693.0,9.999999747378752e-06,693,0.8407442569732666,0.44832825660705566,
2,694.0,9.999999747378752e-06,694,1.5596935749053955,0.4983862638473511,
2,695.0,9.999999747378752e-06,695,0.9820123910903931,0.39444446563720703,
2,696.0,9.999999747378752e-06,696,2.3570165634155273,0.7775040864944458,
2,697.0,9.999999747378752e-06,697,1.088807463645935,0.5266233682632446,
2,698.0,9.999999747378752e-06,698,0.7152293920516968,0.24898990988731384,
2,699.0,9.999999747378752e-06,699,0.7133085131645203,0.5138888955116272,
2,700.0,,699,,,0.2892235517501831
2,700.0,9.999999747378752e-06,700,1.6205487251281738,0.5023041367530823,
2,701.0,9.999999747378752e-06,701,0.9411186575889587,0.39830508828163147,
2,702.0,9.999999747378752e-06,702,1.0046263933181763,0.4290151000022888,
2,703.0,9.999999747378752e-06,703,0.855507493019104,0.523349404335022,
2,704.0,9.999999747378752e-06,704,0.8150398135185242,0.3169642686843872,
2,705.0,9.999999747378752e-06,705,0.8793774843215942,0.4725040793418884,
2,706.0,9.999999747378752e-06,706,0.9480622410774231,0.49654531478881836,
2,707.0,9.999999747378752e-06,707,1.0159863233566284,0.32608693838119507,
2,708.0,9.999999747378752e-06,708,1.2231322526931763,0.514102578163147,
2,709.0,9.999999747378752e-06,709,0.7681402564048767,0.3184865713119507,
2,710.0,9.999999747378752e-06,710,0.6860969066619873,0.37141215801239014,
2,711.0,9.999999747378752e-06,711,1.3488301038742065,0.42125236988067627,
2,712.0,9.999999747378752e-06,712,1.235080599784851,0.5304054021835327,
2,713.0,9.999999747378752e-06,713,1.0119837522506714,0.3804347813129425,
2,714.0,9.999999747378752e-06,714,1.9718023538589478,0.6718146800994873,
2,715.0,9.999999747378752e-06,715,1.074766993522644,0.42739129066467285,
2,716.0,9.999999747378752e-06,716,1.402234673500061,0.5513392686843872,
2,717.0,9.999999747378752e-06,717,1.588724970817566,0.5524296760559082,
2,718.0,9.999999747378752e-06,718,0.8808759450912476,0.4066033363342285,
2,719.0,9.999999747378752e-06,719,1.0529004335403442,0.3734491169452667,
2,720.0,9.999999747378752e-06,720,0.8166942596435547,0.2875264286994934,
2,721.0,9.999999747378752e-06,721,1.1151964664459229,0.31972789764404297,
2,722.0,9.999999747378752e-06,722,0.647648274898529,0.33611249923706055,
2,723.0,9.999999747378752e-06,723,1.0563151836395264,0.4237891733646393,
2,724.0,9.999999747378752e-06,724,0.8357113599777222,0.2606469988822937,
2,725.0,9.999999747378752e-06,725,1.251176357269287,0.4396969676017761,
2,726.0,9.999999747378752e-06,726,1.2126344442367554,0.44896334409713745,
2,727.0,9.999999747378752e-06,727,1.5123893022537231,0.5885167121887207,
2,728.0,9.999999747378752e-06,728,0.8364061117172241,0.3148648738861084,
2,729.0,9.999999747378752e-06,729,1.6444562673568726,0.6419915556907654,
2,730.0,9.999999747378752e-06,730,1.5117971897125244,0.6208791136741638,
2,731.0,9.999999747378752e-06,731,1.1787257194519043,0.4263502359390259,
2,732.0,9.999999747378752e-06,732,0.7152009010314941,0.3341369330883026,
2,733.0,9.999999747378752e-06,733,1.0386674404144287,0.45290425419807434,
2,734.0,9.999999747378752e-06,734,1.2242159843444824,0.4890202581882477,
2,735.0,9.999999747378752e-06,735,1.2221239805221558,0.365686297416687,
2,736.0,9.999999747378752e-06,736,1.6107861995697021,0.45187869668006897,
2,737.0,9.999999747378752e-06,737,0.7752401828765869,0.2549107074737549,
2,738.0,9.999999747378752e-06,738,1.1562983989715576,0.45626479387283325,
2,739.0,9.999999747378752e-06,739,1.0495953559875488,0.47759854793548584,
2,740.0,9.999999747378752e-06,740,1.2483288049697876,0.4257703125476837,
2,741.0,9.999999747378752e-06,741,1.1292709112167358,0.4280112385749817,
2,742.0,9.999999747378752e-06,742,0.7880760431289673,0.372026264667511,
2,743.0,9.999999747378752e-06,743,0.9263222217559814,0.44451871514320374,
2,744.0,9.999999747378752e-06,744,0.7014194130897522,0.3121212124824524,
2,745.0,9.999999747378752e-06,745,0.8732835650444031,0.3726053833961487,
2,746.0,9.999999747378752e-06,746,2.471703290939331,0.6015037298202515,
2,747.0,9.999999747378752e-06,747,1.1171187162399292,0.48106062412261963,
2,748.0,9.999999747378752e-06,748,0.7503154873847961,0.2938578724861145,
2,749.0,9.999999747378752e-06,749,1.054311990737915,0.2510683834552765,
2,750.0,,749,,,0.28863680362701416
2,750.0,9.999999747378752e-06,750,1.1861473321914673,0.4409722089767456,
2,751.0,9.999999747378752e-06,751,1.2921197414398193,0.6285529732704163,
2,752.0,9.999999747378752e-06,752,1.3267956972122192,0.5564103126525879,
2,753.0,9.999999747378752e-06,753,1.7200292348861694,0.5494505763053894,
2,754.0,9.999999747378752e-06,754,1.4220128059387207,0.4818660020828247,
2,755.0,9.999999747378752e-06,755,0.7867298126220703,0.348499059677124,
2,756.0,9.999999747378752e-06,756,0.7389421463012695,0.3089295029640198,
2,757.0,9.999999747378752e-06,757,1.428684115409851,0.514161229133606,
2,758.0,9.999999747378752e-06,758,1.3032630681991577,0.47490349411964417,
2,759.0,9.999999747378752e-06,759,0.9322580099105835,0.43030303716659546,
2,760.0,9.999999747378752e-06,760,0.8262757658958435,0.41702741384506226,
2,761.0,9.999999747378752e-06,761,1.3098869323730469,0.4542349576950073,
2,762.0,9.999999747378752e-06,762,1.2576136589050293,0.40058648586273193,
2,763.0,9.999999747378752e-06,763,1.239548921585083,0.5672414302825928,
2,764.0,9.999999747378752e-06,764,0.7232266664505005,0.35418036580085754,
2,765.0,9.999999747378752e-06,765,1.6208499670028687,0.8809523582458496,
2,766.0,9.999999747378752e-06,766,1.369687557220459,0.49111753702163696,
2,767.0,9.999999747378752e-06,767,0.59627366065979,0.3333333432674408,
2,768.0,9.999999747378752e-06,768,1.3786580562591553,0.45110729336738586,
2,769.0,9.999999747378752e-06,769,1.6219512224197388,0.6228070259094238,
2,770.0,9.999999747378752e-06,770,0.9185658693313599,0.5582352876663208,
2,771.0,9.999999747378752e-06,771,1.2300257682800293,0.3650793731212616,
2,772.0,9.999999747378752e-06,772,1.4337091445922852,0.43654337525367737,
2,773.0,9.999999747378752e-06,773,1.467593789100647,0.5526961088180542,
2,774.0,9.999999747378752e-06,774,1.2133406400680542,0.6170212626457214,
2,775.0,9.999999747378752e-06,775,1.2745827436447144,0.5154291391372681,
2,776.0,9.999999747378752e-06,776,0.795846164226532,0.3334556221961975,
2,777.0,9.999999747378752e-06,777,2.197704553604126,0.7265217304229736,
2,778.0,9.999999747378752e-06,778,1.078163981437683,0.6150000095367432,
2,779.0,9.999999747378752e-06,779,0.7870323061943054,0.444875568151474,
2,780.0,9.999999747378752e-06,780,1.418365716934204,0.5594362616539001,
2,781.0,9.999999747378752e-06,781,0.6847687363624573,0.32080745697021484,
2,782.0,9.999999747378752e-06,782,0.8740557432174683,0.4156250059604645,
2,783.0,9.999999747378752e-06,783,0.6157242655754089,0.2883738577365875,
2,784.0,9.999999747378752e-06,784,1.924638032913208,0.8135775923728943,
2,785.0,9.999999747378752e-06,785,1.4454258680343628,0.4904792308807373,
2,786.0,9.999999747378752e-06,786,0.6922276616096497,0.32999998331069946,
2,787.0,9.999999747378752e-06,787,1.3699162006378174,0.47427719831466675,
2,788.0,9.999999747378752e-06,788,1.3811520338058472,0.44545453786849976,
2,789.0,9.999999747378752e-06,789,1.0157437324523926,0.36208420991897583,
2,790.0,9.999999747378752e-06,790,0.8000839352607727,0.3333333432674408,
2,791.0,9.999999747378752e-06,791,0.9805603623390198,0.3763118386268616,
2,792.0,9.999999747378752e-06,792,1.6732267141342163,0.5066176652908325,
2,793.0,9.999999747378752e-06,793,0.8193221092224121,0.3818027377128601,
2,794.0,9.999999747378752e-06,794,1.2532967329025269,0.47048068046569824,
2,795.0,9.999999747378752e-06,795,1.2073959112167358,0.4340866208076477,
2,796.0,9.999999747378752e-06,796,0.9143922924995422,0.4124579131603241,
2,797.0,9.999999747378752e-06,797,0.7296810150146484,0.22857142984867096,
2,798.0,9.999999747378752e-06,798,0.5200108885765076,0.163129985332489,
2,799.0,9.999999747378752e-06,799,0.8512516021728516,0.38053759932518005,
2,800.0,,799,,,0.2722863256931305
2,800.0,9.999999747378752e-06,800,0.7323774099349976,0.27796053886413574,
2,801.0,9.999999747378752e-06,801,1.4805481433868408,0.568965494632721,
2,802.0,9.999999747378752e-06,802,0.7529956102371216,0.29517045617103577,
2,803.0,9.999999747378752e-06,803,0.9627841711044312,0.3666044771671295,
2,804.0,9.999999747378752e-06,804,0.661809504032135,0.22649812698364258,
2,805.0,9.999999747378752e-06,805,1.036806344985962,0.4237891733646393,
2,806.0,9.999999747378752e-06,806,1.8431620597839355,0.4803921580314636,
2,807.0,9.999999747378752e-06,807,1.011699914932251,0.49684208631515503,
2,808.0,9.999999747378752e-06,808,1.0749592781066895,0.4937629997730255,
2,809.0,9.999999747378752e-06,809,1.5400917530059814,0.5782828330993652,
2,810.0,9.999999747378752e-06,810,1.1724759340286255,0.48511165380477905,
2,811.0,9.999999747378752e-06,811,1.5429651737213135,0.6254480481147766,
2,812.0,9.999999747378752e-06,812,1.194734811782837,0.3975563943386078,
2,813.0,9.999999747378752e-06,813,1.489251971244812,0.6062607169151306,
2,814.0,9.999999747378752e-06,814,1.809705138206482,0.7490310072898865,
2,815.0,9.999999747378752e-06,815,0.898224413394928,0.5075047016143799,
2,816.0,9.999999747378752e-06,816,1.4796704053878784,0.6408281326293945,
2,817.0,9.999999747378752e-06,817,1.3023641109466553,0.4513888955116272,
2,818.0,9.999999747378752e-06,818,1.5741726160049438,0.5707364082336426,
2,819.0,9.999999747378752e-06,819,0.7368673086166382,0.3435518145561218,
2,820.0,9.999999747378752e-06,820,1.1841375827789307,0.5112782120704651,
2,821.0,9.999999747378752e-06,821,0.8877093195915222,0.4997784495353699,
2,822.0,9.999999747378752e-06,822,0.9412516355514526,0.3453997075557709,
2,823.0,9.999999747378752e-06,823,1.741806149482727,0.6273384094238281,
2,824.0,9.999999747378752e-06,824,1.0819064378738403,0.545976996421814,
2,825.0,9.999999747378752e-06,825,0.8474875688552856,0.3501552939414978,
2,826.0,9.999999747378752e-06,826,1.8859210014343262,0.510869562625885,
2,827.0,9.999999747378752e-06,827,1.1355576515197754,0.4166666865348816,
2,828.0,9.999999747378752e-06,828,0.8950212001800537,0.3583916127681732,
2,829.0,9.999999747378752e-06,829,1.080203652381897,0.46078431606292725,
2,830.0,9.999999747378752e-06,830,1.6252249479293823,0.5657894611358643,
2,831.0,9.999999747378752e-06,831,1.195061206817627,0.4791666567325592,
2,832.0,9.999999747378752e-06,832,0.7598589658737183,0.33103448152542114,
2,833.0,9.999999747378752e-06,833,1.0523964166641235,0.6129807829856873,
2,834.0,9.999999747378752e-06,834,1.0445162057876587,0.3861788511276245,
2,835.0,9.999999747378752e-06,835,1.1869899034500122,0.39663460850715637,
2,836.0,9.999999747378752e-06,836,0.851866602897644,0.4647509455680847,
2,837.0,9.999999747378752e-06,837,0.6919236183166504,0.3501984179019928,
2,838.0,9.999999747378752e-06,838,1.2036542892456055,0.5264925360679626,
2,839.0,9.999999747378752e-06,839,0.9559345841407776,0.4615384638309479,
2,840.0,9.999999747378752e-06,840,0.9236535429954529,0.463994562625885,
2,841.0,9.999999747378752e-06,841,1.3501538038253784,0.49611109495162964,
2,842.0,9.999999747378752e-06,842,1.6638896465301514,0.49241378903388977,
2,843.0,9.999999747378752e-06,843,1.3582221269607544,0.4156250059604645,
2,844.0,9.999999747378752e-06,844,1.4710919857025146,0.4866071343421936,
2,845.0,9.999999747378752e-06,845,1.0828522443771362,0.36506158113479614,
2,846.0,9.999999747378752e-06,846,0.8933917880058289,0.2871621549129486,
2,847.0,9.999999747378752e-06,847,0.8561598658561707,0.5428571701049805,
2,848.0,9.999999747378752e-06,848,2.5753159523010254,0.7001811265945435,
2,849.0,9.999999747378752e-06,849,0.7864366769790649,0.37246620655059814,
2,850.0,,849,,,0.27076080441474915
2,850.0,9.999999747378752e-06,850,0.5471093058586121,0.42551133036613464,
2,851.0,9.999999747378752e-06,851,1.2177491188049316,0.44736844301223755,
2,852.0,9.999999747378752e-06,852,1.3811057806015015,0.6631355881690979,
2,853.0,9.999999747378752e-06,853,1.0398099422454834,0.35008955001831055,
2,854.0,9.999999747378752e-06,854,1.1688724756240845,0.47909408807754517,
2,855.0,9.999999747378752e-06,855,0.4338926672935486,0.22240567207336426,
2,856.0,9.999999747378752e-06,856,1.1735564470291138,0.44871795177459717,
2,857.0,9.999999747378752e-06,857,0.7989848256111145,0.37051284313201904,
2,858.0,9.999999747378752e-06,858,0.5855194330215454,0.24133993685245514,
2,859.0,9.999999747378752e-06,859,1.4332834482192993,0.6660922765731812,
2,860.0,9.999999747378752e-06,860,2.0049638748168945,0.5606294870376587,
2,861.0,9.999999747378752e-06,861,1.03907310962677,0.3407859206199646,
2,862.0,9.999999747378752e-06,862,0.8483873009681702,0.3803258240222931,
2,863.0,9.999999747378752e-06,863,0.837870717048645,0.29231974482536316,
2,864.0,9.999999747378752e-06,864,0.6066849827766418,0.2811848223209381,
2,865.0,9.999999747378752e-06,865,1.2079143524169922,0.4909404516220093,
2,866.0,9.999999747378752e-06,866,0.7734162211418152,0.393495112657547,
2,867.0,9.999999747378752e-06,867,0.9798645973205566,0.2923189699649811,
2,868.0,9.999999747378752e-06,868,1.742788314819336,0.706105649471283,
2,869.0,9.999999747378752e-06,869,1.454988956451416,0.4835668206214905,
2,870.0,9.999999747378752e-06,870,0.9542830586433411,0.41234755516052246,
2,871.0,9.999999747378752e-06,871,1.1357252597808838,0.35490497946739197,
2,872.0,9.999999747378752e-06,872,1.1759412288665771,0.48048245906829834,
2,873.0,9.999999747378752e-06,873,1.2933074235916138,0.5833333730697632,
2,874.0,9.999999747378752e-06,874,0.6597025990486145,0.25,
2,875.0,9.999999747378752e-06,875,0.818736732006073,0.3112648129463196,
2,876.0,9.999999747378752e-06,876,0.5425267815589905,0.32608696818351746,
2,877.0,9.999999747378752e-06,877,0.6635712385177612,0.24375000596046448,
2,878.0,9.999999747378752e-06,878,1.2383086681365967,0.4213210344314575,
2,879.0,9.999999747378752e-06,879,1.0573729276657104,0.3867521286010742,
2,880.0,9.999999747378752e-06,880,0.9395084977149963,0.4380952715873718,
2,881.0,9.999999747378752e-06,881,0.9956942200660706,0.3164893686771393,
2,882.0,9.999999747378752e-06,882,0.7102732062339783,0.29086756706237793,
2,883.0,9.999999747378752e-06,883,1.0321508646011353,0.3544721305370331,
2,884.0,9.999999747378752e-06,884,0.5390819311141968,0.21848741173744202,
2,885.0,9.999999747378752e-06,885,1.158461332321167,0.4466230869293213,
2,886.0,9.999999747378752e-06,886,1.2825051546096802,0.5706740617752075,
2,887.0,9.999999747378752e-06,887,1.6627366542816162,0.630382776260376,
2,888.0,9.999999747378752e-06,888,0.9596278667449951,0.3423188328742981,
2,889.0,9.999999747378752e-06,889,1.6633809804916382,0.6184333562850952,
2,890.0,9.999999747378752e-06,890,1.3253190517425537,0.48968255519866943,
2,891.0,9.999999747378752e-06,891,1.0196975469589233,0.43522173166275024,
2,892.0,9.999999747378752e-06,892,0.7627026438713074,0.342414528131485,
2,893.0,9.999999747378752e-06,893,1.373388409614563,0.6400797367095947,
2,894.0,9.999999747378752e-06,894,0.9977972507476807,0.48172903060913086,
2,895.0,9.999999747378752e-06,895,1.3974660634994507,0.6410256624221802,
2,896.0,9.999999747378752e-06,896,1.265771746635437,0.4787018299102783,
2,897.0,9.999999747378752e-06,897,1.3964107036590576,0.6361502408981323,
2,898.0,9.999999747378752e-06,898,1.0303981304168701,0.321153849363327,
2,899.0,9.999999747378752e-06,899,1.1159478425979614,0.42777779698371887,
2,900.0,,899,,,0.27365538477897644
2,900.0,9.999999747378752e-06,900,0.8638349771499634,0.5375458002090454,
2,901.0,9.999999747378752e-06,901,2.138490915298462,0.5323238372802734,
2,902.0,9.999999747378752e-06,902,1.374429702758789,0.5442867279052734,
2,903.0,9.999999747378752e-06,903,1.132494330406189,0.5258835554122925,
2,904.0,9.999999747378752e-06,904,1.2883129119873047,0.49136215448379517,
2,905.0,9.999999747378752e-06,905,0.8954809308052063,0.43391188979148865,
2,906.0,9.999999747378752e-06,906,0.6586043834686279,0.30320513248443604,
2,907.0,9.999999747378752e-06,907,1.3292689323425293,0.4532258212566376,
2,908.0,9.999999747378752e-06,908,0.7476665377616882,0.31292515993118286,
2,909.0,9.999999747378752e-06,909,1.3876681327819824,0.613095223903656,
2,910.0,9.999999747378752e-06,910,0.8664562106132507,0.3910602033138275,
2,911.0,9.999999747378752e-06,911,1.4279059171676636,0.38181817531585693,
2,912.0,9.999999747378752e-06,912,1.013440489768982,0.47058823704719543,
2,913.0,9.999999747378752e-06,913,0.7833408713340759,0.457317054271698,
2,914.0,9.999999747378752e-06,914,1.1721420288085938,0.45091575384140015,
2,915.0,9.999999747378752e-06,915,0.8188253045082092,0.3730769157409668,
2,916.0,9.999999747378752e-06,916,1.1793756484985352,0.45753589272499084,
2,917.0,9.999999747378752e-06,917,1.1497942209243774,0.24621212482452393,
2,918.0,9.999999747378752e-06,918,1.6121677160263062,0.4812222719192505,
2,919.0,9.999999747378752e-06,919,0.9302271604537964,0.38008660078048706,
2,920.0,9.999999747378752e-06,920,1.5138444900512695,0.49835526943206787,
2,921.0,9.999999747378752e-06,921,1.1151291131973267,0.5687960386276245,
2,922.0,9.999999747378752e-06,922,1.00822913646698,0.48984694480895996,
2,923.0,9.999999747378752e-06,923,1.4856988191604614,0.5689393877983093,
2,924.0,9.999999747378752e-06,924,0.9068918228149414,0.41217389702796936,
2,925.0,9.999999747378752e-06,925,0.8892526030540466,0.3590909242630005,
2,926.0,9.999999747378752e-06,926,1.113635778427124,0.38056135177612305,
2,927.0,9.999999747378752e-06,927,0.645336389541626,0.3410256505012512,
2,928.0,9.999999747378752e-06,928,1.321539044380188,0.3484320640563965,
2,929.0,9.999999747378752e-06,929,0.9496632814407349,0.35425490140914917,
2,930.0,9.999999747378752e-06,930,1.4744218587875366,0.5037023425102234,
2,931.0,9.999999747378752e-06,931,0.7989620566368103,0.42543861269950867,
2,932.0,9.999999747378752e-06,932,1.6875156164169312,0.6146245002746582,
2,933.0,9.999999747378752e-06,933,0.6049554944038391,0.33829787373542786,
2,934.0,9.999999747378752e-06,934,2.3368852138519287,0.6764957308769226,
2,935.0,9.999999747378752e-06,935,0.966809868812561,0.37547892332077026,
2,936.0,9.999999747378752e-06,936,1.1251802444458008,0.5114468932151794,
2,937.0,9.999999747378752e-06,937,1.0455422401428223,0.4285714328289032,
2,938.0,9.999999747378752e-06,938,1.283726453781128,0.4096185564994812,
2,939.0,9.999999747378752e-06,939,1.327100396156311,0.4644230604171753,
2,940.0,9.999999747378752e-06,940,1.2896181344985962,0.6165413856506348,
2,941.0,9.999999747378752e-06,941,1.2689424753189087,0.445175439119339,
2,942.0,9.999999747378752e-06,942,0.9682714343070984,0.341016560792923,
2,943.0,9.999999747378752e-06,943,1.2659317255020142,0.4257575571537018,
2,944.0,9.999999747378752e-06,944,0.9449766874313354,0.32956260442733765,
2,945.0,9.999999747378752e-06,945,0.8844351768493652,0.3417452573776245,
2,946.0,9.999999747378752e-06,946,0.7283098101615906,0.5625,
2,947.0,9.999999747378752e-06,947,1.086614966392517,0.4108695685863495,
2,948.0,9.999999747378752e-06,948,0.9332989454269409,0.5904762148857117,
2,949.0,9.999999747378752e-06,949,1.314969778060913,0.4642857313156128,
2,950.0,,949,,,0.2913358211517334
2,950.0,9.999999747378752e-06,950,1.4150692224502563,0.44736844301223755,
2,951.0,9.999999747378752e-06,951,0.9968000054359436,0.4314664602279663,
2,952.0,9.999999747378752e-06,952,1.2458168268203735,0.5173041820526123,
2,953.0,9.999999747378752e-06,953,1.1242190599441528,0.39234450459480286,
2,954.0,9.999999747378752e-06,954,0.5745025873184204,0.31534090638160706,
2,955.0,9.999999747378752e-06,955,1.0343729257583618,0.4094736874103546,
2,956.0,9.999999747378752e-06,956,1.361127257347107,0.4647058844566345,
2,957.0,9.999999747378752e-06,957,1.078637957572937,0.36839431524276733,
2,958.0,9.999999747378752e-06,958,1.0944335460662842,0.40441176295280457,
2,959.0,9.999999747378752e-06,959,0.8304958939552307,0.3174999952316284,
2,960.0,9.999999747378752e-06,960,0.6859922409057617,0.345567524433136,
2,961.0,9.999999747378752e-06,961,0.4632776975631714,0.18192830681800842,
2,962.0,9.999999747378752e-06,962,0.7942860126495361,0.5669906139373779,
2,963.0,9.999999747378752e-06,963,1.3525062799453735,0.5586510300636292,
2,964.0,9.999999747378752e-06,964,0.860850989818573,0.363095223903656,
2,965.0,9.999999747378752e-06,965,1.5846644639968872,0.5454545617103577,
2,966.0,9.999999747378752e-06,966,1.0310012102127075,0.37755101919174194,
2,967.0,9.999999747378752e-06,967,1.3491904735565186,0.49000000953674316,
2,968.0,9.999999747378752e-06,968,1.4049049615859985,0.4291498064994812,
2,969.0,9.999999747378752e-06,969,1.1935786008834839,0.35767412185668945,
2,970.0,9.999999747378752e-06,970,1.2651166915893555,0.5099935531616211,
2,971.0,9.999999747378752e-06,971,1.0064284801483154,0.4429347813129425,
2,972.0,9.999999747378752e-06,972,0.7976932525634766,0.2982162833213806,
2,973.0,9.999999747378752e-06,973,0.7492095828056335,0.4368070960044861,
2,974.0,9.999999747378752e-06,974,1.0929490327835083,0.4843630790710449,
2,975.0,9.999999747378752e-06,975,1.4902585744857788,0.6036324501037598,
2,976.0,9.999999747378752e-06,976,0.8704462051391602,0.35149314999580383,
2,977.0,9.999999747378752e-06,977,0.8204178214073181,0.30877193808555603,
2,978.0,9.999999747378752e-06,978,1.5120453834533691,0.6735197305679321,
2,979.0,9.999999747378752e-06,979,1.9126793146133423,0.5790441036224365,
2,980.0,9.999999747378752e-06,980,0.9565935730934143,0.4642549753189087,
2,981.0,9.999999747378752e-06,981,1.8254951238632202,0.5384615659713745,
2,982.0,9.999999747378752e-06,982,1.041326880455017,0.3914036750793457,
2,983.0,9.999999747378752e-06,983,1.1524320840835571,0.46759259700775146,
2,984.0,9.999999747378752e-06,984,1.3805912733078003,0.5848214626312256,
2,985.0,9.999999747378752e-06,985,0.8440754413604736,0.3513323962688446,
2,986.0,9.999999747378752e-06,986,1.4782780408859253,0.498737096786499,
2,987.0,9.999999747378752e-06,987,0.9920456409454346,0.3519861102104187,
2,988.0,9.999999747378752e-06,988,0.799942672252655,0.4287280738353729,
2,989.0,9.999999747378752e-06,989,0.8225898742675781,0.3005518317222595,
2,990.0,9.999999747378752e-06,990,0.6258599758148193,0.2511337995529175,
2,991.0,9.999999747378752e-06,991,0.9885892271995544,0.40669316053390503,
2,992.0,9.999999747378752e-06,992,0.5210579633712769,0.3191850483417511,
2,993.0,9.999999747378752e-06,993,1.0819724798202515,0.4217687249183655,
2,994.0,9.999999747378752e-06,994,0.9083614945411682,0.38333332538604736,
2,995.0,9.999999747378752e-06,995,1.2133897542953491,0.42126622796058655,
2,996.0,9.999999747378752e-06,996,1.0866668224334717,0.32954543828964233,
2,997.0,9.999999747378752e-06,997,0.8109302520751953,0.42058825492858887,
2,998.0,9.999999747378752e-06,998,1.3484658002853394,0.5675105452537537,
2,999.0,9.999999747378752e-06,999,0.7023141980171204,0.3221629858016968,
2,1000.0,,999,,,0.2760414481163025
2,1000.0,9.999999747378752e-06,1000,1.2709356546401978,0.5265151262283325,
2,1001.0,9.999999747378752e-06,1001,1.2274779081344604,0.43911290168762207,
2,1002.0,9.999999747378752e-06,1002,1.4867041110992432,0.4694519639015198,
2,1003.0,9.999999747378752e-06,1003,0.4534912109375,0.3333333432674408,
2,1004.0,9.999999747378752e-06,1004,0.7232633829116821,0.3012121319770813,
2,1005.0,9.999999747378752e-06,1005,1.8329097032546997,0.587276816368103,
2,1006.0,9.999999747378752e-06,1006,2.0095674991607666,0.6204545497894287,
2,1007.0,9.999999747378752e-06,1007,1.2698578834533691,0.6661451458930969,
2,1008.0,9.999999747378752e-06,1008,0.5095228552818298,0.24957320094108582,
2,1009.0,9.999999747378752e-06,1009,0.991210401058197,0.4424242377281189,
2,1010.0,9.999999747378752e-06,1010,0.8171125054359436,0.3575604557991028,
2,1011.0,9.999999747378752e-06,1011,1.8840630054473877,0.549382746219635,
2,1012.0,9.999999747378752e-06,1012,1.157357096672058,0.4745614230632782,
2,1013.0,9.999999747378752e-06,1013,1.44895339012146,0.6493213176727295,
2,1014.0,9.999999747378752e-06,1014,0.8826863765716553,0.2924107313156128,
2,1015.0,9.999999747378752e-06,1015,1.5268518924713135,0.4580269753932953,
2,1016.0,9.999999747378752e-06,1016,1.3610284328460693,0.5670488476753235,
2,1017.0,9.999999747378752e-06,1017,0.9733537435531616,0.36746034026145935,
2,1018.0,9.999999747378752e-06,1018,1.2101545333862305,0.4806201457977295,
2,1019.0,9.999999747378752e-06,1019,0.8959562182426453,0.3313492238521576,
2,1020.0,9.999999747378752e-06,1020,1.0895099639892578,0.3125,
2,1021.0,9.999999747378752e-06,1021,0.7279524803161621,0.2695970833301544,
2,1022.0,9.999999747378752e-06,1022,0.7139509320259094,0.24962294101715088,
2,1023.0,9.999999747378752e-06,1023,1.1560657024383545,0.41151899099349976,
2,1024.0,9.999999747378752e-06,1024,0.9550858736038208,0.45436108112335205,
2,1025.0,9.999999747378752e-06,1025,0.7566125392913818,0.3971198797225952,
2,1026.0,9.999999747378752e-06,1026,1.5855733156204224,0.6000000238418579,
2,1027.0,9.999999747378752e-06,1027,0.6858975887298584,0.37857145071029663,
2,1028.0,9.999999747378752e-06,1028,0.9156749844551086,0.3382352888584137,
3,1029.0,9.999999747378752e-06,1029,0.7789381146430969,0.38597971200942993,
3,1030.0,9.999999747378752e-06,1030,1.1610335111618042,0.4792671203613281,
3,1031.0,9.999999747378752e-06,1031,0.6546893119812012,0.40105029940605164,
3,1032.0,9.999999747378752e-06,1032,1.7259355783462524,0.7165957689285278,
3,1033.0,9.999999747378752e-06,1033,0.9342586398124695,0.46659573912620544,
3,1034.0,9.999999747378752e-06,1034,1.774742841720581,0.5872054100036621,
3,1035.0,9.999999747378752e-06,1035,1.7865961790084839,0.6990950107574463,
3,1036.0,9.999999747378752e-06,1036,1.8185746669769287,0.6032320857048035,
3,1037.0,9.999999747378752e-06,1037,1.1957663297653198,0.42465752363204956,
3,1038.0,9.999999747378752e-06,1038,0.6062081456184387,0.30714285373687744,
3,1039.0,9.999999747378752e-06,1039,0.4083150029182434,0.14550265669822693,
3,1040.0,9.999999747378752e-06,1040,1.0066672563552856,0.46568626165390015,
3,1041.0,9.999999747378752e-06,1041,1.7751929759979248,0.6363158226013184,
3,1042.0,9.999999747378752e-06,1042,1.5021321773529053,0.6396011114120483,
3,1043.0,9.999999747378752e-06,1043,1.6720470190048218,0.4479166865348816,
3,1044.0,9.999999747378752e-06,1044,0.6821240782737732,0.3219241499900818,
3,1045.0,9.999999747378752e-06,1045,1.5152010917663574,0.4784552752971649,
3,1046.0,9.999999747378752e-06,1046,0.8509510159492493,0.3759689927101135,
3,1047.0,9.999999747378752e-06,1047,1.1709811687469482,0.5394243001937866,
3,1048.0,9.999999747378752e-06,1048,1.4080108404159546,0.5150684714317322,
3,1049.0,9.999999747378752e-06,1049,1.0781937837600708,0.3313840329647064,
3,1050.0,,1049,,,0.2683747410774231
3,1050.0,9.999999747378752e-06,1050,1.0173087120056152,0.28951114416122437,
3,1051.0,9.999999747378752e-06,1051,1.0964018106460571,0.40238094329833984,
3,1052.0,9.999999747378752e-06,1052,0.9413071274757385,0.37641510367393494,
3,1053.0,9.999999747378752e-06,1053,0.6198573112487793,0.19930070638656616,
3,1054.0,9.999999747378752e-06,1054,0.7342967391014099,0.29821428656578064,
3,1055.0,9.999999747378752e-06,1055,1.2801556587219238,0.4575289487838745,
3,1056.0,9.999999747378752e-06,1056,0.8470592498779297,0.42674729228019714,
3,1057.0,9.999999747378752e-06,1057,0.9144812822341919,0.35585588216781616,
3,1058.0,9.999999747378752e-06,1058,1.1452291011810303,0.5263605117797852,
3,1059.0,9.999999747378752e-06,1059,0.8044851422309875,0.30744415521621704,
3,1060.0,9.999999747378752e-06,1060,1.1026512384414673,0.4975619614124298,
3,1061.0,9.999999747378752e-06,1061,1.2268829345703125,0.4441176652908325,
3,1062.0,9.999999747378752e-06,1062,1.6384539604187012,0.6770186424255371,
3,1063.0,9.999999747378752e-06,1063,1.2730107307434082,0.5966911911964417,
3,1064.0,9.999999747378752e-06,1064,0.7434712648391724,0.3229249119758606,
3,1065.0,9.999999747378752e-06,1065,1.345900058746338,0.5201923251152039,
3,1066.0,9.999999747378752e-06,1066,1.0609203577041626,0.47516027092933655,
3,1067.0,9.999999747378752e-06,1067,1.3914498090744019,0.49627330899238586,
3,1068.0,9.999999747378752e-06,1068,0.9443869590759277,0.3692307770252228,
3,1069.0,9.999999747378752e-06,1069,0.944775402545929,0.43191924691200256,
3,1070.0,9.999999747378752e-06,1070,1.0633952617645264,0.3713858425617218,
3,1071.0,9.999999747378752e-06,1071,1.1952720880508423,0.43317973613739014,
3,1072.0,9.999999747378752e-06,1072,1.3207931518554688,0.4948979616165161,
3,1073.0,9.999999747378752e-06,1073,0.8713198900222778,0.43119359016418457,
3,1074.0,9.999999747378752e-06,1074,0.5985879302024841,0.3364272713661194,
3,1075.0,9.999999747378752e-06,1075,1.26683509349823,0.6676587462425232,
3,1076.0,9.999999747378752e-06,1076,1.2522913217544556,0.484375,
3,1077.0,9.999999747378752e-06,1077,0.486564576625824,0.15716783702373505,
3,1078.0,9.999999747378752e-06,1078,1.285850167274475,0.33043479919433594,
3,1079.0,9.999999747378752e-06,1079,1.2607479095458984,0.42603129148483276,
3,1080.0,9.999999747378752e-06,1080,1.090968132019043,0.49047619104385376,
3,1081.0,9.999999747378752e-06,1081,1.1499055624008179,0.43132954835891724,
3,1082.0,9.999999747378752e-06,1082,0.9964488744735718,0.39334404468536377,
3,1083.0,9.999999747378752e-06,1083,0.9160112738609314,0.36302682757377625,
3,1084.0,9.999999747378752e-06,1084,1.361109733581543,0.42076167464256287,
3,1085.0,9.999999747378752e-06,1085,1.1052439212799072,0.4313725531101227,
3,1086.0,9.999999747378752e-06,1086,1.832143783569336,0.549685537815094,
3,1087.0,9.999999747378752e-06,1087,1.581457257270813,0.6298490166664124,
3,1088.0,9.999999747378752e-06,1088,0.9215646982192993,0.3713534474372864,
3,1089.0,9.999999747378752e-06,1089,1.7176439762115479,0.8412232398986816,
3,1090.0,9.999999747378752e-06,1090,1.7651867866516113,0.6559523940086365,
3,1091.0,9.999999747378752e-06,1091,1.4135781526565552,0.46875,
3,1092.0,9.999999747378752e-06,1092,1.0699353218078613,0.4886001944541931,
3,1093.0,9.999999747378752e-06,1093,0.9371296763420105,0.2718642055988312,
3,1094.0,9.999999747378752e-06,1094,0.8558661341667175,0.3888198733329773,
3,1095.0,9.999999747378752e-06,1095,0.8990916609764099,0.34893617033958435,
3,1096.0,9.999999747378752e-06,1096,1.097031831741333,0.44959312677383423,
3,1097.0,9.999999747378752e-06,1097,1.362115740776062,0.42636746168136597,
3,1098.0,9.999999747378752e-06,1098,0.8205668926239014,0.4274509847164154,
3,1099.0,9.999999747378752e-06,1099,0.8386030197143555,0.31931817531585693,
3,1100.0,,1099,,,0.2684529721736908
3,1100.0,9.999999747378752e-06,1100,1.3159031867980957,0.5614285469055176,
3,1101.0,9.999999747378752e-06,1101,0.742624044418335,0.31011903285980225,
3,1102.0,9.999999747378752e-06,1102,0.9601665139198303,0.4967532455921173,
3,1103.0,9.999999747378752e-06,1103,0.6109798550605774,0.297668993473053,
3,1104.0,9.999999747378752e-06,1104,1.2654708623886108,0.5121294260025024,
3,1105.0,9.999999747378752e-06,1105,1.0495069026947021,0.38115763664245605,
3,1106.0,9.999999747378752e-06,1106,0.8635016679763794,0.3395034968852997,
3,1107.0,9.999999747378752e-06,1107,0.8491362929344177,0.37289562821388245,
3,1108.0,9.999999747378752e-06,1108,1.2522186040878296,0.5328947305679321,
3,1109.0,9.999999747378752e-06,1109,0.7026454210281372,0.3527659773826599,
3,1110.0,9.999999747378752e-06,1110,1.0910308361053467,0.5270398855209351,
3,1111.0,9.999999747378752e-06,1111,1.1844398975372314,0.3672727346420288,
3,1112.0,9.999999747378752e-06,1112,0.5817357301712036,0.23727983236312866,
3,1113.0,9.999999747378752e-06,1113,0.7255109548568726,0.3690476417541504,
3,1114.0,9.999999747378752e-06,1114,1.392406702041626,0.5587284564971924,
3,1115.0,9.999999747378752e-06,1115,0.5724973678588867,0.25874125957489014,
3,1116.0,9.999999747378752e-06,1116,1.1797469854354858,0.324534147977829,
3,1117.0,9.999999747378752e-06,1117,0.9939311742782593,0.3256259262561798,
3,1118.0,9.999999747378752e-06,1118,0.5085445046424866,0.2750000059604645,
3,1119.0,9.999999747378752e-06,1119,1.4699290990829468,0.5594406127929688,
3,1120.0,9.999999747378752e-06,1120,0.7186181545257568,0.24238094687461853,
3,1121.0,9.999999747378752e-06,1121,1.094681739807129,0.41787439584732056,
3,1122.0,9.999999747378752e-06,1122,1.084729552268982,0.4727272391319275,
3,1123.0,9.999999747378752e-06,1123,1.0703591108322144,0.41607141494750977,
3,1124.0,9.999999747378752e-06,1124,0.8831785321235657,0.44784480333328247,
3,1125.0,9.999999747378752e-06,1125,0.9966793656349182,0.5430402755737305,
3,1126.0,9.999999747378752e-06,1126,0.8690746426582336,0.3843514025211334,
3,1127.0,9.999999747378752e-06,1127,0.9361786842346191,0.45179450511932373,
3,1128.0,9.999999747378752e-06,1128,0.8375628590583801,0.5371148586273193,
3,1129.0,9.999999747378752e-06,1129,0.7452208399772644,0.35513079166412354,
3,1130.0,9.999999747378752e-06,1130,1.658558964729309,0.5416666865348816,
3,1131.0,9.999999747378752e-06,1131,1.331415057182312,0.4894406199455261,
3,1132.0,9.999999747378752e-06,1132,2.214489221572876,0.5945512652397156,
3,1133.0,9.999999747378752e-06,1133,1.5207756757736206,0.6852576732635498,
3,1134.0,9.999999747378752e-06,1134,0.9972842931747437,0.5502645373344421,
3,1135.0,9.999999747378752e-06,1135,0.8440274000167847,0.2792207896709442,
3,1136.0,9.999999747378752e-06,1136,1.210968017578125,0.3571428656578064,
3,1137.0,9.999999747378752e-06,1137,1.0398582220077515,0.36677631735801697,
3,1138.0,9.999999747378752e-06,1138,1.4720103740692139,0.4749999940395355,
3,1139.0,9.999999747378752e-06,1139,0.955211341381073,0.384432852268219,
3,1140.0,9.999999747378752e-06,1140,1.4454433917999268,0.45930230617523193,
3,1141.0,9.999999747378752e-06,1141,0.9577127695083618,0.2882953882217407,
3,1142.0,9.999999747378752e-06,1142,1.525023341178894,0.5548712015151978,
3,1143.0,9.999999747378752e-06,1143,1.4259828329086304,0.5404589176177979,
3,1144.0,9.999999747378752e-06,1144,0.8031406998634338,0.3099679946899414,
3,1145.0,9.999999747378752e-06,1145,0.9775169491767883,0.4866666793823242,
3,1146.0,9.999999747378752e-06,1146,1.1736310720443726,0.4298245906829834,
3,1147.0,9.999999747378752e-06,1147,1.8817384243011475,0.7158823013305664,
3,1148.0,9.999999747378752e-06,1148,0.6169726848602295,0.24871796369552612,
3,1149.0,9.999999747378752e-06,1149,0.760450005531311,0.35363635420799255,
3,1150.0,,1149,,,0.26997849345207214
3,1150.0,9.999999747378752e-06,1150,1.3980498313903809,0.4583333432674408,
3,1151.0,9.999999747378752e-06,1151,0.8960700035095215,0.44103312492370605,
3,1152.0,9.999999747378752e-06,1152,0.8768393993377686,0.443452388048172,
3,1153.0,9.999999747378752e-06,1153,1.4763860702514648,0.564479649066925,
3,1154.0,9.999999747378752e-06,1154,1.1273174285888672,0.41838234663009644,
3,1155.0,9.999999747378752e-06,1155,1.0459471940994263,0.48344019055366516,
3,1156.0,9.999999747378752e-06,1156,1.237691879272461,0.3835979104042053,
3,1157.0,9.999999747378752e-06,1157,1.296897530555725,0.5107142925262451,
3,1158.0,9.999999747378752e-06,1158,1.2276214361190796,0.6041666865348816,
3,1159.0,9.999999747378752e-06,1159,0.8695248961448669,0.36692970991134644,
3,1160.0,9.999999747378752e-06,1160,1.6631215810775757,0.6187499761581421,
3,1161.0,9.999999747378752e-06,1161,1.0039817094802856,0.4015567898750305,
3,1162.0,9.999999747378752e-06,1162,1.1348854303359985,0.39170506596565247,
3,1163.0,9.999999747378752e-06,1163,1.7204691171646118,0.7696078419685364,
3,1164.0,9.999999747378752e-06,1164,0.9827898144721985,0.4099099040031433,
3,1165.0,9.999999747378752e-06,1165,1.2244126796722412,0.5435606241226196,
3,1166.0,9.999999747378752e-06,1166,0.9057538509368896,0.42916667461395264,
3,1167.0,9.999999747378752e-06,1167,1.0666747093200684,0.5192307829856873,
3,1168.0,9.999999747378752e-06,1168,1.0170350074768066,0.35185185074806213,
3,1169.0,9.999999747378752e-06,1169,0.8225063681602478,0.370481938123703,
3,1170.0,9.999999747378752e-06,1170,2.220168113708496,0.6222620010375977,
3,1171.0,9.999999747378752e-06,1171,1.2366753816604614,0.4542483687400818,
3,1172.0,9.999999747378752e-06,1172,1.231757640838623,0.48552632331848145,
3,1173.0,9.999999747378752e-06,1173,0.7892661094665527,0.36121323704719543,
3,1174.0,9.999999747378752e-06,1174,1.0881929397583008,0.35357141494750977,
3,1175.0,9.999999747378752e-06,1175,0.9048265814781189,0.36136364936828613,
3,1176.0,9.999999747378752e-06,1176,2.2596940994262695,0.5696429014205933,
3,1177.0,9.999999747378752e-06,1177,0.8753221035003662,0.3795355558395386,
3,1178.0,9.999999747378752e-06,1178,1.1504932641983032,0.363095223903656,
3,1179.0,9.999999747378752e-06,1179,0.8261184096336365,0.45333331823349,
3,1180.0,9.999999747378752e-06,1180,1.2678476572036743,0.4792231321334839,
3,1181.0,9.999999747378752e-06,1181,0.8660580515861511,0.372474730014801,
3,1182.0,9.999999747378752e-06,1182,1.3955305814743042,0.4838888943195343,
3,1183.0,9.999999747378752e-06,1183,0.9554659128189087,0.4318181872367859,
3,1184.0,9.999999747378752e-06,1184,1.0976859331130981,0.40991300344467163,
3,1185.0,9.999999747378752e-06,1185,1.0739084482192993,0.4399999976158142,
3,1186.0,9.999999747378752e-06,1186,1.403429627418518,0.4274425506591797,
3,1187.0,9.999999747378752e-06,1187,0.7671376466751099,0.4229249060153961,
3,1188.0,9.999999747378752e-06,1188,1.796103596687317,0.7439393997192383,
3,1189.0,9.999999747378752e-06,1189,0.8318337202072144,0.3734671175479889,
3,1190.0,9.999999747378752e-06,1190,0.9416058659553528,0.5018315315246582,
3,1191.0,9.999999747378752e-06,1191,1.460490107536316,0.665084719657898,
3,1192.0,9.999999747378752e-06,1192,1.079728603363037,0.4151785671710968,
3,1193.0,9.999999747378752e-06,1193,0.7047626376152039,0.35185185074806213,
3,1194.0,9.999999747378752e-06,1194,0.7581312656402588,0.46656978130340576,
3,1195.0,9.999999747378752e-06,1195,1.5077217817306519,0.567375898361206,
3,1196.0,9.999999747378752e-06,1196,1.1583195924758911,0.3948625922203064,
3,1197.0,9.999999747378752e-06,1197,0.48220834136009216,0.2053571492433548,
3,1198.0,9.999999747378752e-06,1198,1.0005320310592651,0.41515836119651794,
3,1199.0,9.999999747378752e-06,1199,1.461391806602478,0.5791488885879517,
3,1200.0,,1199,,,0.2654019296169281
3,1200.0,9.999999747378752e-06,1200,1.6118794679641724,0.7306501865386963,
3,1201.0,9.999999747378752e-06,1201,0.8397069573402405,0.3509157598018646,
3,1202.0,9.999999747378752e-06,1202,0.7871405482292175,0.373846173286438,
3,1203.0,9.999999747378752e-06,1203,0.5589236617088318,0.33564814925193787,
3,1204.0,9.999999747378752e-06,1204,0.7143669128417969,0.4222727119922638,
3,1205.0,9.999999747378752e-06,1205,1.1244570016860962,0.45052629709243774,
3,1206.0,9.999999747378752e-06,1206,1.413564682006836,0.4327458143234253,
3,1207.0,9.999999747378752e-06,1207,0.919273853302002,0.3686486482620239,
3,1208.0,9.999999747378752e-06,1208,1.2632485628128052,0.3951612710952759,
3,1209.0,9.999999747378752e-06,1209,1.2695976495742798,0.5027777552604675,
3,1210.0,9.999999747378752e-06,1210,0.6271290183067322,0.15478883683681488,
3,1211.0,9.999999747378752e-06,1211,0.737003743648529,0.34230485558509827,
3,1212.0,9.999999747378752e-06,1212,1.1817471981048584,0.514202892780304,
3,1213.0,9.999999747378752e-06,1213,0.7409366369247437,0.3340380787849426,
3,1214.0,9.999999747378752e-06,1214,1.2275500297546387,0.4856915771961212,
3,1215.0,9.999999747378752e-06,1215,0.8348160982131958,0.37285715341567993,
3,1216.0,9.999999747378752e-06,1216,0.6770821213722229,0.30280718207359314,
3,1217.0,9.999999747378752e-06,1217,0.7974057197570801,0.369693398475647,
3,1218.0,9.999999747378752e-06,1218,1.293531060218811,0.49193549156188965,
3,1219.0,9.999999747378752e-06,1219,1.0632516145706177,0.46219420433044434,
3,1220.0,9.999999747378752e-06,1220,1.330390214920044,0.4747585654258728,
3,1221.0,9.999999747378752e-06,1221,0.9048857688903809,0.4565649926662445,
3,1222.0,9.999999747378752e-06,1222,1.1329108476638794,0.525128185749054,
3,1223.0,9.999999747378752e-06,1223,1.285191535949707,0.5016420483589172,
3,1224.0,9.999999747378752e-06,1224,0.7994728088378906,0.4087669253349304,
3,1225.0,9.999999747378752e-06,1225,0.7285589575767517,0.3929494321346283,
3,1226.0,9.999999747378752e-06,1226,0.7591153979301453,0.4316770136356354,
3,1227.0,9.999999747378752e-06,1227,0.6170778274536133,0.24372294545173645,
3,1228.0,9.999999747378752e-06,1228,0.8341938257217407,0.31888890266418457,
3,1229.0,9.999999747378752e-06,1229,1.113277554512024,0.5,
3,1230.0,9.999999747378752e-06,1230,0.7679393291473389,0.4337121248245239,
3,1231.0,9.999999747378752e-06,1231,2.2521941661834717,0.807662844657898,
3,1232.0,9.999999747378752e-06,1232,1.0162872076034546,0.4507978558540344,
3,1233.0,9.999999747378752e-06,1233,0.7722294926643372,0.24537037312984467,
3,1234.0,9.999999747378752e-06,1234,0.7520288825035095,0.42871934175491333,
3,1235.0,9.999999747378752e-06,1235,0.716830313205719,0.24352134764194489,
3,1236.0,9.999999747378752e-06,1236,0.5155658721923828,0.26416218280792236,
3,1237.0,9.999999747378752e-06,1237,1.3631800413131714,0.4533401429653168,
3,1238.0,9.999999747378752e-06,1238,1.1127194166183472,0.440191388130188,
3,1239.0,9.999999747378752e-06,1239,1.0541692972183228,0.3474864065647125,
3,1240.0,9.999999747378752e-06,1240,1.0189732313156128,0.33796295523643494,
3,1241.0,9.999999747378752e-06,1241,0.7103400230407715,0.38645225763320923,
3,1242.0,9.999999747378752e-06,1242,1.5525583028793335,0.5625,
3,1243.0,9.999999747378752e-06,1243,1.0185418128967285,0.42080897092819214,
3,1244.0,9.999999747378752e-06,1244,1.6233251094818115,0.4343339800834656,
3,1245.0,9.999999747378752e-06,1245,0.6873421669006348,0.33571428060531616,
3,1246.0,9.999999747378752e-06,1246,0.9793390035629272,0.40355604887008667,
3,1247.0,9.999999747378752e-06,1247,1.4078956842422485,0.5189340710639954,
3,1248.0,9.999999747378752e-06,1248,0.7265439629554749,0.28506097197532654,
3,1249.0,9.999999747378752e-06,1249,1.1690025329589844,0.44515305757522583,
3,1250.0,,1249,,,0.26622334122657776
3,1250.0,9.999999747378752e-06,1250,0.6149092316627502,0.4256182909011841,
3,1251.0,9.999999747378752e-06,1251,1.04086434841156,0.3816986680030823,
3,1252.0,9.999999747378752e-06,1252,0.9671378135681152,0.3160278797149658,
3,1253.0,9.999999747378752e-06,1253,0.6994688510894775,0.4437931180000305,
3,1254.0,9.999999747378752e-06,1254,0.9745291471481323,0.4452381134033203,
3,1255.0,9.999999747378752e-06,1255,0.5441011786460876,0.3698412775993347,
3,1256.0,9.999999747378752e-06,1256,0.6619970202445984,0.2598039507865906,
3,1257.0,9.999999747378752e-06,1257,2.089451313018799,0.7214285731315613,
3,1258.0,9.999999747378752e-06,1258,0.7115217447280884,0.29347026348114014,
3,1259.0,9.999999747378752e-06,1259,0.6454272866249084,0.2948606312274933,
3,1260.0,9.999999747378752e-06,1260,0.875650942325592,0.3012145757675171,
3,1261.0,9.999999747378752e-06,1261,1.1177202463150024,0.4335748851299286,
3,1262.0,9.999999747378752e-06,1262,0.7885267734527588,0.31290850043296814,
3,1263.0,9.999999747378752e-06,1263,1.8569738864898682,0.48076921701431274,
3,1264.0,9.999999747378752e-06,1264,0.7518535852432251,0.39204543828964233,
3,1265.0,9.999999747378752e-06,1265,0.8562164306640625,0.30889636278152466,
3,1266.0,9.999999747378752e-06,1266,1.358825922012329,0.37232574820518494,
3,1267.0,9.999999747378752e-06,1267,0.8380722403526306,0.4355263113975525,
3,1268.0,9.999999747378752e-06,1268,1.6781344413757324,0.6138211488723755,
3,1269.0,9.999999747378752e-06,1269,0.6739116907119751,0.28180354833602905,
3,1270.0,9.999999747378752e-06,1270,0.8676850199699402,0.3491228222846985,
3,1271.0,9.999999747378752e-06,1271,0.8002983331680298,0.31668370962142944,
3,1272.0,9.999999747378752e-06,1272,1.239111065864563,0.5304487347602844,
3,1273.0,9.999999747378752e-06,1273,1.1307004690170288,0.5448718070983887,
3,1274.0,9.999999747378752e-06,1274,1.4181849956512451,0.517399251461029,
3,1275.0,9.999999747378752e-06,1275,0.6511757969856262,0.28934425115585327,
3,1276.0,9.999999747378752e-06,1276,0.8142940402030945,0.4063035845756531,
3,1277.0,9.999999747378752e-06,1277,1.2262910604476929,0.35944700241088867,
3,1278.0,9.999999747378752e-06,1278,1.047621250152588,0.4445701241493225,
3,1279.0,9.999999747378752e-06,1279,2.1254708766937256,0.6329787373542786,
3,1280.0,9.999999747378752e-06,1280,1.0344834327697754,0.42971014976501465,
3,1281.0,9.999999747378752e-06,1281,0.895655632019043,0.3503546118736267,
3,1282.0,9.999999747378752e-06,1282,0.39250192046165466,0.20075757801532745,
3,1283.0,9.999999747378752e-06,1283,0.9147332310676575,0.29653847217559814,
3,1284.0,9.999999747378752e-06,1284,1.1798279285430908,0.30384618043899536,
3,1285.0,9.999999747378752e-06,1285,1.0216810703277588,0.31829512119293213,
3,1286.0,9.999999747378752e-06,1286,0.6715105175971985,0.3327937126159668,
3,1287.0,9.999999747378752e-06,1287,1.1269402503967285,0.5612648129463196,
3,1288.0,9.999999747378752e-06,1288,0.9468101263046265,0.4890890121459961,
3,1289.0,9.999999747378752e-06,1289,1.0114227533340454,0.4095744490623474,
3,1290.0,9.999999747378752e-06,1290,0.8903999328613281,0.4024234712123871,
3,1291.0,9.999999747378752e-06,1291,1.580571174621582,0.48357143998146057,
3,1292.0,9.999999747378752e-06,1292,1.5477514266967773,0.5583333373069763,
3,1293.0,9.999999747378752e-06,1293,0.8847638964653015,0.3205128312110901,
3,1294.0,9.999999747378752e-06,1294,1.2306643724441528,0.5722393989562988,
3,1295.0,9.999999747378752e-06,1295,0.7421279549598694,0.35626959800720215,
3,1296.0,9.999999747378752e-06,1296,1.4948371648788452,0.5993589758872986,
3,1297.0,9.999999747378752e-06,1297,1.4749568700790405,0.613095223903656,
3,1298.0,9.999999747378752e-06,1298,1.9187904596328735,0.6424418687820435,
3,1299.0,9.999999747378752e-06,1299,1.1356587409973145,0.46266233921051025,
3,1300.0,,1299,,,0.27130842208862305
3,1300.0,9.999999747378752e-06,1300,1.0867207050323486,0.5391616225242615,
3,1301.0,9.999999747378752e-06,1301,0.8443588614463806,0.37544044852256775,
3,1302.0,9.999999747378752e-06,1302,1.5123482942581177,0.6382575631141663,
3,1303.0,9.999999747378752e-06,1303,1.0997273921966553,0.4005225896835327,
3,1304.0,9.999999747378752e-06,1304,2.284036874771118,0.7312890291213989,
3,1305.0,9.999999747378752e-06,1305,1.069082498550415,0.369074285030365,
3,1306.0,9.999999747378752e-06,1306,2.1447877883911133,0.7245011329650879,
3,1307.0,9.999999747378752e-06,1307,0.8737626671791077,0.32308468222618103,
3,1308.0,9.999999747378752e-06,1308,1.2519581317901611,0.6376262903213501,
3,1309.0,9.999999747378752e-06,1309,0.726691722869873,0.3799999952316284,
3,1310.0,9.999999747378752e-06,1310,0.9737398028373718,0.30052879452705383,
3,1311.0,9.999999747378752e-06,1311,0.9167731404304504,0.3968421220779419,
3,1312.0,9.999999747378752e-06,1312,0.7833162546157837,0.25627240538597107,
3,1313.0,9.999999747378752e-06,1313,0.8352662324905396,0.43939393758773804,
3,1314.0,9.999999747378752e-06,1314,0.6488584280014038,0.34932661056518555,
3,1315.0,9.999999747378752e-06,1315,1.6038453578948975,0.6212121248245239,
3,1316.0,9.999999747378752e-06,1316,1.3335541486740112,0.7796052694320679,
3,1317.0,9.999999747378752e-06,1317,0.6138997673988342,0.293942391872406,
3,1318.0,9.999999747378752e-06,1318,1.1751470565795898,0.40028491616249084,
3,1319.0,9.999999747378752e-06,1319,0.8242429494857788,0.37525880336761475,
3,1320.0,9.999999747378752e-06,1320,0.8859151005744934,0.276407927274704,
3,1321.0,9.999999747378752e-06,1321,1.1690545082092285,0.5492610931396484,
3,1322.0,9.999999747378752e-06,1322,1.691200852394104,0.7063491940498352,
3,1323.0,9.999999747378752e-06,1323,0.9556595683097839,0.4472140669822693,
3,1324.0,9.999999747378752e-06,1324,0.6100537776947021,0.24459460377693176,
3,1325.0,9.999999747378752e-06,1325,1.7832034826278687,0.6066666841506958,
3,1326.0,9.999999747378752e-06,1326,0.7038300037384033,0.2428303360939026,
3,1327.0,9.999999747378752e-06,1327,0.851969301700592,0.3615301847457886,
3,1328.0,9.999999747378752e-06,1328,1.6408432722091675,0.6155462265014648,
3,1329.0,9.999999747378752e-06,1329,0.5970211029052734,0.3426356613636017,
3,1330.0,9.999999747378752e-06,1330,0.9790870547294617,0.5555555820465088,
3,1331.0,9.999999747378752e-06,1331,0.630142092704773,0.35771888494491577,
3,1332.0,9.999999747378752e-06,1332,0.8380352258682251,0.32033225893974304,
3,1333.0,9.999999747378752e-06,1333,0.9724370837211609,0.3988095223903656,
3,1334.0,9.999999747378752e-06,1334,0.7987524271011353,0.2676962614059448,
3,1335.0,9.999999747378752e-06,1335,0.7836921811103821,0.31481480598449707,
3,1336.0,9.999999747378752e-06,1336,1.8786202669143677,0.680134654045105,
3,1337.0,9.999999747378752e-06,1337,2.1801464557647705,0.6789297461509705,
3,1338.0,9.999999747378752e-06,1338,0.9021109342575073,0.3285024166107178,
3,1339.0,9.999999747378752e-06,1339,0.9657185077667236,0.34070175886154175,
3,1340.0,9.999999747378752e-06,1340,0.7222972512245178,0.24777184426784515,
3,1341.0,9.999999747378752e-06,1341,0.4837605357170105,0.24166667461395264,
3,1342.0,9.999999747378752e-06,1342,1.102695345878601,0.5666666626930237,
3,1343.0,9.999999747378752e-06,1343,1.2690199613571167,0.6016483306884766,
3,1344.0,9.999999747378752e-06,1344,0.7464597225189209,0.32389163970947266,
3,1345.0,9.999999747378752e-06,1345,0.8322350978851318,0.4350912570953369,
3,1346.0,9.999999747378752e-06,1346,1.4538068771362305,0.5888888835906982,
3,1347.0,9.999999747378752e-06,1347,0.6456665396690369,0.3011363744735718,
3,1348.0,9.999999747378752e-06,1348,1.6564074754714966,0.5681818127632141,
3,1349.0,9.999999747378752e-06,1349,1.2774460315704346,0.5529661178588867,
3,1350.0,,1349,,,0.26684921979904175
3,1350.0,9.999999747378752e-06,1350,1.453511357307434,0.714124321937561,
3,1351.0,9.999999747378752e-06,1351,0.6305460929870605,0.29760637879371643,
3,1352.0,9.999999747378752e-06,1352,1.7761220932006836,0.676798403263092,
3,1353.0,9.999999747378752e-06,1353,1.133313536643982,0.36000001430511475,
3,1354.0,9.999999747378752e-06,1354,0.8331922292709351,0.4114583432674408,
3,1355.0,9.999999747378752e-06,1355,0.8437631726264954,0.45183175802230835,
3,1356.0,9.999999747378752e-06,1356,0.5795544981956482,0.37048375606536865,
3,1357.0,9.999999747378752e-06,1357,0.9182093143463135,0.40825891494750977,
3,1358.0,9.999999747378752e-06,1358,1.1024729013442993,0.4345238208770752,
3,1359.0,9.999999747378752e-06,1359,1.0626581907272339,0.3618420958518982,
3,1360.0,9.999999747378752e-06,1360,1.026959776878357,0.42628729343414307,
3,1361.0,9.999999747378752e-06,1361,1.256919264793396,0.47330448031425476,
3,1362.0,9.999999747378752e-06,1362,0.8986493349075317,0.4709821343421936,
3,1363.0,9.999999747378752e-06,1363,1.3174148797988892,0.38928571343421936,
3,1364.0,9.999999747378752e-06,1364,0.6871347427368164,0.39057403802871704,
3,1365.0,9.999999747378752e-06,1365,1.24862539768219,0.45096153020858765,
3,1366.0,9.999999747378752e-06,1366,0.6758057475090027,0.29615384340286255,
3,1367.0,9.999999747378752e-06,1367,0.8191539645195007,0.47806066274642944,
3,1368.0,9.999999747378752e-06,1368,0.9906559586524963,0.3461921215057373,
3,1369.0,9.999999747378752e-06,1369,0.7860141396522522,0.3121212124824524,
3,1370.0,9.999999747378752e-06,1370,0.943312406539917,0.4366165101528168,
3,1371.0,9.999999747378752e-06,1371,1.6108192205429077,0.375,
4,1372.0,9.999999747378752e-06,1372,0.9242841601371765,0.5809524059295654,
4,1373.0,9.999999747378752e-06,1373,0.9921960830688477,0.4829670488834381,
4,1374.0,9.999999747378752e-06,1374,1.882002830505371,0.5996228456497192,
4,1375.0,9.999999747378752e-06,1375,0.4234517514705658,0.2682976722717285,
4,1376.0,9.999999747378752e-06,1376,0.8450742959976196,0.41684210300445557,
4,1377.0,9.999999747378752e-06,1377,1.1596444845199585,0.6068665385246277,
4,1378.0,9.999999747378752e-06,1378,0.7847275733947754,0.3286527991294861,
4,1379.0,9.999999747378752e-06,1379,0.9554625749588013,0.3427026867866516,
4,1380.0,9.999999747378752e-06,1380,1.729885458946228,0.6195360422134399,
4,1381.0,9.999999747378752e-06,1381,1.3327471017837524,0.6449999809265137,
4,1382.0,9.999999747378752e-06,1382,0.7400885820388794,0.25681817531585693,
4,1383.0,9.999999747378752e-06,1383,1.014855980873108,0.3110632300376892,
4,1384.0,9.999999747378752e-06,1384,0.6111795902252197,0.2528449594974518,
4,1385.0,9.999999747378752e-06,1385,1.2543787956237793,0.399350643157959,
4,1386.0,9.999999747378752e-06,1386,1.4164906740188599,0.47526881098747253,
4,1387.0,9.999999747378752e-06,1387,1.708325743675232,0.5307486653327942,
4,1388.0,9.999999747378752e-06,1388,0.6118668913841248,0.3122749626636505,
4,1389.0,9.999999747378752e-06,1389,1.1470268964767456,0.3635057210922241,
4,1390.0,9.999999747378752e-06,1390,1.6111098527908325,0.7358871102333069,
4,1391.0,9.999999747378752e-06,1391,2.5201220512390137,0.9038461446762085,
4,1392.0,9.999999747378752e-06,1392,1.3351719379425049,0.524055004119873,
4,1393.0,9.999999747378752e-06,1393,0.8326955437660217,0.40160471200942993,
4,1394.0,9.999999747378752e-06,1394,0.6510012149810791,0.29545456171035767,
4,1395.0,9.999999747378752e-06,1395,0.6442099809646606,0.324404776096344,
4,1396.0,9.999999747378752e-06,1396,1.0839667320251465,0.365370512008667,
4,1397.0,9.999999747378752e-06,1397,1.2347259521484375,0.4698113203048706,
4,1398.0,9.999999747378752e-06,1398,1.0474743843078613,0.43518519401550293,
4,1399.0,9.999999747378752e-06,1399,1.023700475692749,0.4732745289802551,
4,1400.0,,1399,,,0.26231175661087036
4,1400.0,9.999999747378752e-06,1400,0.6040967106819153,0.2591725289821625,
4,1401.0,9.999999747378752e-06,1401,0.8457692265510559,0.46067070960998535,
4,1402.0,9.999999747378752e-06,1402,1.452443242073059,0.5897436141967773,
4,1403.0,9.999999747378752e-06,1403,1.652858018875122,0.6464194059371948,
4,1404.0,9.999999747378752e-06,1404,1.536499261856079,0.5416666269302368,
4,1405.0,9.999999747378752e-06,1405,1.1016327142715454,0.48729583621025085,
4,1406.0,9.999999747378752e-06,1406,0.8757120370864868,0.3619883060455322,
4,1407.0,9.999999747378752e-06,1407,0.5047754645347595,0.28418803215026855,
4,1408.0,9.999999747378752e-06,1408,1.112769603729248,0.3474395275115967,
4,1409.0,9.999999747378752e-06,1409,1.6300042867660522,0.5309523940086365,
4,1410.0,9.999999747378752e-06,1410,0.6973975300788879,0.2961809039115906,
4,1411.0,9.999999747378752e-06,1411,1.0582021474838257,0.3980509638786316,
4,1412.0,9.999999747378752e-06,1412,0.6924777626991272,0.3510526418685913,
4,1413.0,9.999999747378752e-06,1413,1.3728067874908447,0.5714285969734192,
4,1414.0,9.999999747378752e-06,1414,0.8106528520584106,0.3533218502998352,
4,1415.0,9.999999747378752e-06,1415,1.2183035612106323,0.5289653539657593,
4,1416.0,9.999999747378752e-06,1416,0.5711227059364319,0.2916666865348816,
4,1417.0,9.999999747378752e-06,1417,0.8308928608894348,0.39335665106773376,
4,1418.0,9.999999747378752e-06,1418,1.8201329708099365,0.4741758108139038,
4,1419.0,9.999999747378752e-06,1419,1.113753080368042,0.4006410241127014,
4,1420.0,9.999999747378752e-06,1420,1.051222324371338,0.33760684728622437,
4,1421.0,9.999999747378752e-06,1421,1.1503013372421265,0.44528621435165405,
4,1422.0,9.999999747378752e-06,1422,0.6907634735107422,0.375,
4,1423.0,9.999999747378752e-06,1423,0.9219458103179932,0.41818180680274963,
4,1424.0,9.999999747378752e-06,1424,1.8176238536834717,0.7719298005104065,
4,1425.0,9.999999747378752e-06,1425,0.9561493396759033,0.4060606062412262,
4,1426.0,9.999999747378752e-06,1426,0.5156384110450745,0.2711111009120941,
4,1427.0,9.999999747378752e-06,1427,0.6183613538742065,0.3655760884284973,
4,1428.0,9.999999747378752e-06,1428,1.0224313735961914,0.3333333432674408,
4,1429.0,9.999999747378752e-06,1429,1.2432724237442017,0.5361512899398804,
4,1430.0,9.999999747378752e-06,1430,0.7562605738639832,0.3393939435482025,
4,1431.0,9.999999747378752e-06,1431,1.395744800567627,0.5121428370475769,
4,1432.0,9.999999747378752e-06,1432,0.7587336897850037,0.3802333474159241,
4,1433.0,9.999999747378752e-06,1433,1.0138436555862427,0.5249360799789429,
4,1434.0,9.999999747378752e-06,1434,0.846602737903595,0.442307710647583,
4,1435.0,9.999999747378752e-06,1435,1.289453387260437,0.4104166626930237,
4,1436.0,9.999999747378752e-06,1436,1.1824760437011719,0.4698275923728943,
4,1437.0,9.999999747378752e-06,1437,1.1415146589279175,0.41134750843048096,
4,1438.0,9.999999747378752e-06,1438,0.9702962040901184,0.3830918073654175,
4,1439.0,9.999999747378752e-06,1439,1.0450763702392578,0.34244227409362793,
4,1440.0,9.999999747378752e-06,1440,0.664704442024231,0.3310457468032837,
4,1441.0,9.999999747378752e-06,1441,1.906747817993164,0.6654560565948486,
4,1442.0,9.999999747378752e-06,1442,0.5904377698898315,0.2815707325935364,
4,1443.0,9.999999747378752e-06,1443,1.000078558921814,0.5626780390739441,
4,1444.0,9.999999747378752e-06,1444,1.6939915418624878,0.8109244108200073,
4,1445.0,9.999999747378752e-06,1445,1.3674429655075073,0.3910256624221802,
4,1446.0,9.999999747378752e-06,1446,1.598475694656372,0.5328282713890076,
4,1447.0,9.999999747378752e-06,1447,1.245483160018921,0.40992647409439087,
4,1448.0,9.999999747378752e-06,1448,1.003757357597351,0.2529761791229248,
4,1449.0,9.999999747378752e-06,1449,0.36131012439727783,0.15899470448493958,
4,1450.0,,1449,,,0.2647760510444641
4,1450.0,9.999999747378752e-06,1450,1.9506027698516846,0.45818817615509033,
4,1451.0,9.999999747378752e-06,1451,0.8722272515296936,0.3872026205062866,
4,1452.0,9.999999747378752e-06,1452,0.7675549387931824,0.3833533227443695,
4,1453.0,9.999999747378752e-06,1453,0.43355536460876465,0.19230769574642181,
4,1454.0,9.999999747378752e-06,1454,1.4490306377410889,0.5212823152542114,
4,1455.0,9.999999747378752e-06,1455,1.1217070817947388,0.5477272868156433,
4,1456.0,9.999999747378752e-06,1456,1.691515564918518,0.516358494758606,
4,1457.0,9.999999747378752e-06,1457,1.0219839811325073,0.3073476552963257,
4,1458.0,9.999999747378752e-06,1458,1.2290878295898438,0.5034502744674683,
4,1459.0,9.999999747378752e-06,1459,0.8479413986206055,0.3337184488773346,
4,1460.0,9.999999747378752e-06,1460,1.2346503734588623,0.4300993084907532,
4,1461.0,9.999999747378752e-06,1461,0.781426191329956,0.301893949508667,
4,1462.0,9.999999747378752e-06,1462,0.7232118844985962,0.22058823704719543,
4,1463.0,9.999999747378752e-06,1463,1.0463887453079224,0.3351648449897766,
4,1464.0,9.999999747378752e-06,1464,2.506962776184082,0.9041353464126587,
4,1465.0,9.999999747378752e-06,1465,0.6166965961456299,0.2706781029701233,
4,1466.0,9.999999747378752e-06,1466,0.7256542444229126,0.26196807622909546,
4,1467.0,9.999999747378752e-06,1467,0.8748205304145813,0.34561192989349365,
4,1468.0,9.999999747378752e-06,1468,1.83257257938385,0.4810924530029297,
4,1469.0,9.999999747378752e-06,1469,0.47728627920150757,0.2799808084964752,
4,1470.0,9.999999747378752e-06,1470,0.7072416543960571,0.3718360364437103,
4,1471.0,9.999999747378752e-06,1471,0.9539443254470825,0.3440406918525696,
4,1472.0,9.999999747378752e-06,1472,1.0645476579666138,0.4594634473323822,
4,1473.0,9.999999747378752e-06,1473,1.6780940294265747,0.7016509771347046,
4,1474.0,9.999999747378752e-06,1474,0.8616822957992554,0.3496503531932831,
4,1475.0,9.999999747378752e-06,1475,0.4675140380859375,0.18545454740524292,
4,1476.0,9.999999747378752e-06,1476,0.4970966875553131,0.3452380895614624,
4,1477.0,9.999999747378752e-06,1477,1.1210764646530151,0.6283292770385742,
4,1478.0,9.999999747378752e-06,1478,0.8147502541542053,0.3659864068031311,
4,1479.0,9.999999747378752e-06,1479,0.610210120677948,0.30346155166625977,
4,1480.0,9.999999747378752e-06,1480,0.8382163643836975,0.3014705777168274,
4,1481.0,9.999999747378752e-06,1481,1.7963001728057861,0.4033333361148834,
4,1482.0,9.999999747378752e-06,1482,0.792094886302948,0.375,
4,1483.0,9.999999747378752e-06,1483,0.7373307347297668,0.3166666626930237,
4,1484.0,9.999999747378752e-06,1484,1.2042169570922852,0.40226274728775024,
4,1485.0,9.999999747378752e-06,1485,0.6936694383621216,0.2525859475135803,
4,1486.0,9.999999747378752e-06,1486,1.0200563669204712,0.38192668557167053,
4,1487.0,9.999999747378752e-06,1487,0.7323449850082397,0.3809851408004761,
4,1488.0,9.999999747378752e-06,1488,0.9938732981681824,0.4798136353492737,
4,1489.0,9.999999747378752e-06,1489,0.8852386474609375,0.34292763471603394,
4,1490.0,9.999999747378752e-06,1490,0.9916200637817383,0.5174825191497803,
4,1491.0,9.999999747378752e-06,1491,0.9628318548202515,0.33631712198257446,
4,1492.0,9.999999747378752e-06,1492,0.950692892074585,0.3436308205127716,
4,1493.0,9.999999747378752e-06,1493,0.9051446914672852,0.35317462682724,
4,1494.0,9.999999747378752e-06,1494,1.28958261013031,0.7402597069740295,
4,1495.0,9.999999747378752e-06,1495,1.014819860458374,0.4145408272743225,
4,1496.0,9.999999747378752e-06,1496,0.6767539978027344,0.2792207896709442,
4,1497.0,9.999999747378752e-06,1497,0.8708497881889343,0.280314564704895,
4,1498.0,9.999999747378752e-06,1498,1.2061986923217773,0.5504504442214966,
4,1499.0,9.999999747378752e-06,1499,0.9335225224494934,0.3395814895629883,
4,1500.0,,1499,,,0.2641502022743225
4,1500.0,9.999999747378752e-06,1500,0.963347315788269,0.3593558073043823,
4,1501.0,9.999999747378752e-06,1501,0.9395973086357117,0.5575379133224487,
4,1502.0,9.999999747378752e-06,1502,1.1397966146469116,0.4291158616542816,
4,1503.0,9.999999747378752e-06,1503,1.0833675861358643,0.37934425473213196,
4,1504.0,9.999999747378752e-06,1504,0.8379100561141968,0.4142228662967682,
4,1505.0,9.999999747378752e-06,1505,1.1107797622680664,0.37305936217308044,
4,1506.0,9.999999747378752e-06,1506,0.9664073586463928,0.3369565010070801,
4,1507.0,9.999999747378752e-06,1507,1.0215662717819214,0.37254902720451355,
4,1508.0,9.999999747378752e-06,1508,2.1653380393981934,0.7896825075149536,
4,1509.0,9.999999747378752e-06,1509,0.49131178855895996,0.24586397409439087,
4,1510.0,9.999999747378752e-06,1510,0.6974368095397949,0.3787878751754761,
4,1511.0,9.999999747378752e-06,1511,1.2037107944488525,0.45045047998428345,
4,1512.0,9.999999747378752e-06,1512,0.8862454891204834,0.30683088302612305,
4,1513.0,9.999999747378752e-06,1513,0.7226362824440002,0.24731183052062988,
4,1514.0,9.999999747378752e-06,1514,3.0809545516967773,0.7082927227020264,
4,1515.0,9.999999747378752e-06,1515,0.8639857172966003,0.39545178413391113,
4,1516.0,9.999999747378752e-06,1516,1.077053427696228,0.3572969138622284,
4,1517.0,9.999999747378752e-06,1517,1.0718274116516113,0.5617469549179077,
4,1518.0,9.999999747378752e-06,1518,1.0080485343933105,0.43421053886413574,
4,1519.0,9.999999747378752e-06,1519,0.7751195430755615,0.22689327597618103,
4,1520.0,9.999999747378752e-06,1520,0.5547637939453125,0.2873106002807617,
4,1521.0,9.999999747378752e-06,1521,1.4197341203689575,0.47603487968444824,
4,1522.0,9.999999747378752e-06,1522,1.6020431518554688,0.7207977175712585,
4,1523.0,9.999999747378752e-06,1523,1.7539036273956299,0.43707096576690674,
4,1524.0,9.999999747378752e-06,1524,1.0286945104599,0.518567681312561,
4,1525.0,9.999999747378752e-06,1525,0.6837398409843445,0.280379056930542,
4,1526.0,9.999999747378752e-06,1526,0.6542726755142212,0.3071874976158142,
4,1527.0,9.999999747378752e-06,1527,0.8349329233169556,0.469362735748291,
4,1528.0,9.999999747378752e-06,1528,1.8265668153762817,0.5987452268600464,
4,1529.0,9.999999747378752e-06,1529,1.3106626272201538,0.39316239953041077,
4,1530.0,9.999999747378752e-06,1530,0.9400619268417358,0.38461539149284363,
4,1531.0,9.999999747378752e-06,1531,0.6086099147796631,0.3115982413291931,
4,1532.0,9.999999747378752e-06,1532,0.5609763264656067,0.2222222238779068,
4,1533.0,9.999999747378752e-06,1533,1.0189849138259888,0.42274248600006104,
4,1534.0,9.999999747378752e-06,1534,1.4030559062957764,0.4545454680919647,
4,1535.0,9.999999747378752e-06,1535,1.6617897748947144,0.701508641242981,
4,1536.0,9.999999747378752e-06,1536,0.5734418034553528,0.30701756477355957,
4,1537.0,9.999999747378752e-06,1537,0.8607736825942993,0.4819444417953491,
4,1538.0,9.999999747378752e-06,1538,0.8182106614112854,0.35853660106658936,
4,1539.0,9.999999747378752e-06,1539,0.7136527895927429,0.25526314973831177,
4,1540.0,9.999999747378752e-06,1540,0.8365481495857239,0.45892858505249023,
4,1541.0,9.999999747378752e-06,1541,0.9429733157157898,0.31418919563293457,
4,1542.0,9.999999747378752e-06,1542,1.2583028078079224,0.356766939163208,
4,1543.0,9.999999747378752e-06,1543,0.6310521364212036,0.26025640964508057,
4,1544.0,9.999999747378752e-06,1544,1.022843599319458,0.3502415418624878,
4,1545.0,9.999999747378752e-06,1545,0.6343172788619995,0.3181818127632141,
4,1546.0,9.999999747378752e-06,1546,0.870936930179596,0.308711439371109,
4,1547.0,9.999999747378752e-06,1547,0.892144501209259,0.34117648005485535,
4,1548.0,9.999999747378752e-06,1548,0.9684236645698547,0.35622531175613403,
4,1549.0,9.999999747378752e-06,1549,0.54056316614151,0.2897340655326843,
4,1550.0,,1549,,,0.26129475235939026
4,1550.0,9.999999747378752e-06,1550,0.9878324866294861,0.35114142298698425,
4,1551.0,9.999999747378752e-06,1551,1.0232188701629639,0.3619496822357178,
4,1552.0,9.999999747378752e-06,1552,0.8668156266212463,0.32999998331069946,
4,1553.0,9.999999747378752e-06,1553,1.4935046434402466,0.6514778137207031,
4,1554.0,9.999999747378752e-06,1554,0.5445613861083984,0.19858026504516602,
4,1555.0,9.999999747378752e-06,1555,1.4230135679244995,0.5090497732162476,
4,1556.0,9.999999747378752e-06,1556,0.7562852501869202,0.25307124853134155,
4,1557.0,9.999999747378752e-06,1557,0.913882851600647,0.46134018898010254,
4,1558.0,9.999999747378752e-06,1558,1.077791452407837,0.4016489088535309,
4,1559.0,9.999999747378752e-06,1559,1.4751536846160889,0.5362499952316284,
4,1560.0,9.999999747378752e-06,1560,1.1693384647369385,0.5291218757629395,
4,1561.0,9.999999747378752e-06,1561,0.9707696437835693,0.38184332847595215,
4,1562.0,9.999999747378752e-06,1562,0.9339326620101929,0.36403509974479675,
4,1563.0,9.999999747378752e-06,1563,1.1120963096618652,0.39514195919036865,
4,1564.0,9.999999747378752e-06,1564,0.875342607498169,0.45917338132858276,
4,1565.0,9.999999747378752e-06,1565,0.8097976446151733,0.2982456088066101,
4,1566.0,9.999999747378752e-06,1566,0.8988685011863708,0.29403793811798096,
4,1567.0,9.999999747378752e-06,1567,0.9882286787033081,0.46560847759246826,
4,1568.0,9.999999747378752e-06,1568,0.5240023732185364,0.27987420558929443,
4,1569.0,9.999999747378752e-06,1569,0.5975125432014465,0.23717033863067627,
4,1570.0,9.999999747378752e-06,1570,0.7165836691856384,0.3137931227684021,
4,1571.0,9.999999747378752e-06,1571,1.7295653820037842,0.6092686653137207,
4,1572.0,9.999999747378752e-06,1572,1.2752543687820435,0.4841269850730896,
4,1573.0,9.999999747378752e-06,1573,0.7235760688781738,0.4638592004776001,
4,1574.0,9.999999747378752e-06,1574,0.741100013256073,0.3500000238418579,
4,1575.0,9.999999747378752e-06,1575,0.8695798516273499,0.4089552164077759,
4,1576.0,9.999999747378752e-06,1576,1.9113531112670898,0.7110389471054077,
4,1577.0,9.999999747378752e-06,1577,1.5709925889968872,0.5857143402099609,
4,1578.0,9.999999747378752e-06,1578,1.0874640941619873,0.6646825075149536,
4,1579.0,9.999999747378752e-06,1579,0.5996646881103516,0.5072674751281738,
4,1580.0,9.999999747378752e-06,1580,0.8903549909591675,0.473557710647583,
4,1581.0,9.999999747378752e-06,1581,1.1117886304855347,0.5273556113243103,
4,1582.0,9.999999747378752e-06,1582,0.6567822694778442,0.33147943019866943,
4,1583.0,9.999999747378752e-06,1583,0.7315148711204529,0.3030998706817627,
4,1584.0,9.999999747378752e-06,1584,1.3444746732711792,0.4995059370994568,
4,1585.0,9.999999747378752e-06,1585,0.8302822709083557,0.30290737748146057,
4,1586.0,9.999999747378752e-06,1586,0.8260017037391663,0.26708075404167175,
4,1587.0,9.999999747378752e-06,1587,2.1367056369781494,0.6436507701873779,
4,1588.0,9.999999747378752e-06,1588,1.0417568683624268,0.43898624181747437,
4,1589.0,9.999999747378752e-06,1589,0.7517432570457458,0.32676243782043457,
4,1590.0,9.999999747378752e-06,1590,0.6165081262588501,0.3033088445663452,
4,1591.0,9.999999747378752e-06,1591,0.9715844392776489,0.3887362480163574,
4,1592.0,9.999999747378752e-06,1592,0.8956734538078308,0.3253968358039856,
4,1593.0,9.999999747378752e-06,1593,1.255410075187683,0.4392857253551483,
4,1594.0,9.999999747378752e-06,1594,0.6150555610656738,0.2803703546524048,
4,1595.0,9.999999747378752e-06,1595,0.726111888885498,0.2341189980506897,
4,1596.0,9.999999747378752e-06,1596,0.9578093886375427,0.396637886762619,
4,1597.0,9.999999747378752e-06,1597,0.6052519679069519,0.2943262457847595,
4,1598.0,9.999999747378752e-06,1598,0.4632592499256134,0.34879031777381897,
4,1599.0,9.999999747378752e-06,1599,0.9264369010925293,0.4015384912490845,
4,1600.0,,1599,,,0.2672794759273529
4,1600.0,9.999999747378752e-06,1600,0.7367269396781921,0.36469781398773193,
4,1601.0,9.999999747378752e-06,1601,1.148381233215332,0.3176318109035492,
4,1602.0,9.999999747378752e-06,1602,0.831682026386261,0.4722222089767456,
4,1603.0,9.999999747378752e-06,1603,1.0969446897506714,0.6476744413375854,
4,1604.0,9.999999747378752e-06,1604,1.5021599531173706,0.6093366146087646,
4,1605.0,9.999999747378752e-06,1605,0.9007498621940613,0.4087124466896057,
4,1606.0,9.999999747378752e-06,1606,1.1606141328811646,0.5791245698928833,
4,1607.0,9.999999747378752e-06,1607,1.8046005964279175,0.5047619342803955,
4,1608.0,9.999999747378752e-06,1608,0.8561378717422485,0.5863697528839111,
4,1609.0,9.999999747378752e-06,1609,1.2536264657974243,0.4978947341442108,
4,1610.0,9.999999747378752e-06,1610,0.9031436443328857,0.28643617033958435,
4,1611.0,9.999999747378752e-06,1611,1.1207270622253418,0.5342105031013489,
4,1612.0,9.999999747378752e-06,1612,0.5142139792442322,0.3638888895511627,
4,1613.0,9.999999747378752e-06,1613,1.11481773853302,0.47375279664993286,
4,1614.0,9.999999747378752e-06,1614,0.6802835464477539,0.3729346990585327,
4,1615.0,9.999999747378752e-06,1615,0.5976122617721558,0.2544949948787689,
4,1616.0,9.999999747378752e-06,1616,2.179532766342163,0.6876750588417053,
4,1617.0,9.999999747378752e-06,1617,1.0043069124221802,0.3623120188713074,
4,1618.0,9.999999747378752e-06,1618,0.9150288105010986,0.3923647999763489,
4,1619.0,9.999999747378752e-06,1619,0.7995391488075256,0.4333333373069763,
4,1620.0,9.999999747378752e-06,1620,0.8977248072624207,0.2667332887649536,
4,1621.0,9.999999747378752e-06,1621,0.8545913696289062,0.40285325050354004,
4,1622.0,9.999999747378752e-06,1622,0.8840542435646057,0.3707386255264282,
4,1623.0,9.999999747378752e-06,1623,0.6551616191864014,0.3577525019645691,
4,1624.0,9.999999747378752e-06,1624,0.9543924927711487,0.3275476098060608,
4,1625.0,9.999999747378752e-06,1625,1.120056390762329,0.4848331809043884,
4,1626.0,9.999999747378752e-06,1626,0.844681441783905,0.43687498569488525,
4,1627.0,9.999999747378752e-06,1627,0.8075804710388184,0.360693097114563,
4,1628.0,9.999999747378752e-06,1628,1.408642053604126,0.4202059209346771,
4,1629.0,9.999999747378752e-06,1629,0.7760310173034668,0.5076530575752258,
4,1630.0,9.999999747378752e-06,1630,0.887934684753418,0.4042145609855652,
4,1631.0,9.999999747378752e-06,1631,0.5410881638526917,0.31896552443504333,
4,1632.0,9.999999747378752e-06,1632,1.1546974182128906,0.3623693585395813,
4,1633.0,9.999999747378752e-06,1633,0.8041213750839233,0.3910256624221802,
4,1634.0,9.999999747378752e-06,1634,0.6958125233650208,0.337604820728302,
4,1635.0,9.999999747378752e-06,1635,0.5743746161460876,0.3060646951198578,
4,1636.0,9.999999747378752e-06,1636,0.9140296578407288,0.4849744141101837,
4,1637.0,9.999999747378752e-06,1637,0.8325188755989075,0.4037321209907532,
4,1638.0,9.999999747378752e-06,1638,0.948097825050354,0.4123800992965698,
4,1639.0,9.999999747378752e-06,1639,1.286928653717041,0.4583333134651184,
4,1640.0,9.999999747378752e-06,1640,1.0954331159591675,0.5800552368164062,
4,1641.0,9.999999747378752e-06,1641,0.9969779253005981,0.30206677317619324,
4,1642.0,9.999999747378752e-06,1642,1.8911535739898682,0.6133557558059692,
4,1643.0,9.999999747378752e-06,1643,1.1155956983566284,0.7345399856567383,
4,1644.0,9.999999747378752e-06,1644,1.2020381689071655,0.4958333373069763,
4,1645.0,9.999999747378752e-06,1645,0.9200665950775146,0.3387174606323242,
4,1646.0,9.999999747378752e-06,1646,1.0553213357925415,0.3200904428958893,
4,1647.0,9.999999747378752e-06,1647,0.786855161190033,0.3658088445663452,
4,1648.0,9.999999747378752e-06,1648,0.8882121443748474,0.4361344575881958,
4,1649.0,9.999999747378752e-06,1649,1.619344711303711,0.5289719700813293,
4,1650.0,,1649,,,0.25663992762565613
4,1650.0,9.999999747378752e-06,1650,1.1029994487762451,0.40484634041786194,
4,1651.0,9.999999747378752e-06,1651,0.8105008602142334,0.3905380368232727,
4,1652.0,9.999999747378752e-06,1652,0.9951089024543762,0.3650895357131958,
4,1653.0,9.999999747378752e-06,1653,0.949020266532898,0.39978212118148804,
4,1654.0,9.999999747378752e-06,1654,1.8612244129180908,0.5667372941970825,
4,1655.0,9.999999747378752e-06,1655,1.0143505334854126,0.3958333432674408,
4,1656.0,9.999999747378752e-06,1656,0.7679356336593628,0.3495798408985138,
4,1657.0,9.999999747378752e-06,1657,0.7963948249816895,0.3266666531562805,
4,1658.0,9.999999747378752e-06,1658,1.1514371633529663,0.5736433863639832,
4,1659.0,9.999999747378752e-06,1659,0.8989527821540833,0.4395604431629181,
4,1660.0,9.999999747378752e-06,1660,0.899729311466217,0.36144986748695374,
4,1661.0,9.999999747378752e-06,1661,0.8957287073135376,0.3391139507293701,
4,1662.0,9.999999747378752e-06,1662,0.8783313035964966,0.3629775941371918,
4,1663.0,9.999999747378752e-06,1663,1.12405526638031,0.35576921701431274,
4,1664.0,9.999999747378752e-06,1664,1.1423310041427612,0.4660714268684387,
4,1665.0,9.999999747378752e-06,1665,0.6388444900512695,0.28859445452690125,
4,1666.0,9.999999747378752e-06,1666,1.7799098491668701,0.5829918384552002,
4,1667.0,9.999999747378752e-06,1667,0.6759312152862549,0.3183831572532654,
4,1668.0,9.999999747378752e-06,1668,0.5969111919403076,0.34666669368743896,
4,1669.0,9.999999747378752e-06,1669,1.0402226448059082,0.39769232273101807,
4,1670.0,9.999999747378752e-06,1670,0.8730092644691467,0.3803519010543823,
4,1671.0,9.999999747378752e-06,1671,0.9169115424156189,0.3377743065357208,
4,1672.0,9.999999747378752e-06,1672,0.8685944676399231,0.3901515007019043,
4,1673.0,9.999999747378752e-06,1673,0.9694873094558716,0.33405983448028564,
4,1674.0,9.999999747378752e-06,1674,0.8283481597900391,0.33712121844291687,
4,1675.0,9.999999747378752e-06,1675,1.7744022607803345,0.7823529243469238,
4,1676.0,9.999999747378752e-06,1676,1.225226640701294,0.5116550326347351,
4,1677.0,9.999999747378752e-06,1677,0.7116186618804932,0.32236844301223755,
4,1678.0,9.999999747378752e-06,1678,1.0244052410125732,0.5315789580345154,
4,1679.0,9.999999747378752e-06,1679,0.7372808456420898,0.33033281564712524,
4,1680.0,9.999999747378752e-06,1680,0.72666996717453,0.5713165998458862,
4,1681.0,9.999999747378752e-06,1681,0.7811337113380432,0.3706749677658081,
4,1682.0,9.999999747378752e-06,1682,1.1338796615600586,0.43003976345062256,
4,1683.0,9.999999747378752e-06,1683,0.7579535841941833,0.3216216266155243,
4,1684.0,9.999999747378752e-06,1684,2.006134510040283,0.679347813129425,
4,1685.0,9.999999747378752e-06,1685,1.0243710279464722,0.4068181812763214,
4,1686.0,9.999999747378752e-06,1686,1.1405205726623535,0.48055553436279297,
4,1687.0,9.999999747378752e-06,1687,0.5522364377975464,0.23848684132099152,
4,1688.0,9.999999747378752e-06,1688,0.9178870320320129,0.4446932375431061,
4,1689.0,9.999999747378752e-06,1689,1.3852334022521973,0.43449199199676514,
4,1690.0,9.999999747378752e-06,1690,0.6482222676277161,0.3409329056739807,
4,1691.0,9.999999747378752e-06,1691,0.6620820164680481,0.24045199155807495,
4,1692.0,9.999999747378752e-06,1692,1.264630675315857,0.47926831245422363,
4,1693.0,9.999999747378752e-06,1693,1.0711429119110107,0.33000001311302185,
4,1694.0,9.999999747378752e-06,1694,1.0444543361663818,0.4216783046722412,
4,1695.0,9.999999747378752e-06,1695,0.7724867463111877,0.4313430190086365,
4,1696.0,9.999999747378752e-06,1696,0.5548461079597473,0.3147468566894531,
4,1697.0,9.999999747378752e-06,1697,0.8743627071380615,0.33142998814582825,
4,1698.0,9.999999747378752e-06,1698,1.1564300060272217,0.46169355511665344,
4,1699.0,9.999999747378752e-06,1699,1.8284971714019775,0.5957894325256348,
4,1700.0,,1699,,,0.2579307556152344
4,1700.0,9.999999747378752e-06,1700,0.7190689444541931,0.25401070713996887,
4,1701.0,9.999999747378752e-06,1701,0.5255061984062195,0.2030542939901352,
4,1702.0,9.999999747378752e-06,1702,1.4500855207443237,0.4483173191547394,
4,1703.0,9.999999747378752e-06,1703,1.567817211151123,0.4622553586959839,
4,1704.0,9.999999747378752e-06,1704,0.9656528830528259,0.442255437374115,
4,1705.0,9.999999747378752e-06,1705,1.2814350128173828,0.6825980544090271,
4,1706.0,9.999999747378752e-06,1706,2.0943210124969482,0.6154305934906006,
4,1707.0,9.999999747378752e-06,1707,1.1295427083969116,0.45098042488098145,
4,1708.0,9.999999747378752e-06,1708,1.1018667221069336,0.3719945251941681,
4,1709.0,9.999999747378752e-06,1709,0.9143058657646179,0.48695406317710876,
4,1710.0,9.999999747378752e-06,1710,0.6737818717956543,0.25,
4,1711.0,9.999999747378752e-06,1711,0.7751933336257935,0.46162092685699463,
4,1712.0,9.999999747378752e-06,1712,0.5883585214614868,0.2839285731315613,
4,1713.0,9.999999747378752e-06,1713,0.9435065388679504,0.3917582631111145,
4,1714.0,9.999999747378752e-06,1714,1.0850014686584473,0.46666666865348816,
5,1715.0,9.999999747378752e-06,1715,0.7260637879371643,0.30489417910575867,
5,1716.0,9.999999747378752e-06,1716,1.6284998655319214,0.44736844301223755,
5,1717.0,9.999999747378752e-06,1717,1.1106375455856323,0.2971137464046478,
5,1718.0,9.999999747378752e-06,1718,0.9674267172813416,0.4318181872367859,
5,1719.0,9.999999747378752e-06,1719,0.6403910517692566,0.38418862223625183,
5,1720.0,9.999999747378752e-06,1720,1.2686694860458374,0.6163194179534912,
5,1721.0,9.999999747378752e-06,1721,0.6766880750656128,0.23206600546836853,
5,1722.0,9.999999747378752e-06,1722,0.9878549575805664,0.43532341718673706,
5,1723.0,9.999999747378752e-06,1723,1.2932027578353882,0.41102075576782227,
5,1724.0,9.999999747378752e-06,1724,0.5649534463882446,0.31279808282852173,
5,1725.0,9.999999747378752e-06,1725,0.9965964555740356,0.39578112959861755,
5,1726.0,9.999999747378752e-06,1726,0.8259013891220093,0.4050285518169403,
5,1727.0,9.999999747378752e-06,1727,1.0465675592422485,0.4591836929321289,
5,1728.0,9.999999747378752e-06,1728,1.4269837141036987,0.5794872045516968,
5,1729.0,9.999999747378752e-06,1729,1.0039520263671875,0.4442538619041443,
5,1730.0,9.999999747378752e-06,1730,1.9142894744873047,0.7447916269302368,
5,1731.0,9.999999747378752e-06,1731,1.0120570659637451,0.479885071516037,
5,1732.0,9.999999747378752e-06,1732,0.8386244177818298,0.44248366355895996,
5,1733.0,9.999999747378752e-06,1733,0.7368468642234802,0.29366135597229004,
5,1734.0,9.999999747378752e-06,1734,1.0050685405731201,0.43738627433776855,
5,1735.0,9.999999747378752e-06,1735,0.641267716884613,0.29953381419181824,
5,1736.0,9.999999747378752e-06,1736,1.1284366846084595,0.471485435962677,
5,1737.0,9.999999747378752e-06,1737,0.7821923494338989,0.3888888955116272,
5,1738.0,9.999999747378752e-06,1738,0.7494156956672668,0.3760504126548767,
5,1739.0,9.999999747378752e-06,1739,1.1920509338378906,0.5634920597076416,
5,1740.0,9.999999747378752e-06,1740,1.1242539882659912,0.521152138710022,
5,1741.0,9.999999747378752e-06,1741,0.7009112238883972,0.35576921701431274,
5,1742.0,9.999999747378752e-06,1742,0.6404626965522766,0.2483246624469757,
5,1743.0,9.999999747378752e-06,1743,0.8592786192893982,0.4531853199005127,
5,1744.0,9.999999747378752e-06,1744,0.8652409911155701,0.468661367893219,
5,1745.0,9.999999747378752e-06,1745,1.401417851448059,0.49263566732406616,
5,1746.0,9.999999747378752e-06,1746,1.2298758029937744,0.4605769217014313,
5,1747.0,9.999999747378752e-06,1747,0.48631393909454346,0.25619539618492126,
5,1748.0,9.999999747378752e-06,1748,1.0275784730911255,0.43030303716659546,
5,1749.0,9.999999747378752e-06,1749,0.6750591993331909,0.3607323169708252,
5,1750.0,,1749,,,0.25957363843917847
5,1750.0,9.999999747378752e-06,1750,0.4746595621109009,0.20550528168678284,
5,1751.0,9.999999747378752e-06,1751,1.0171241760253906,0.4084782600402832,
5,1752.0,9.999999747378752e-06,1752,0.8191495537757874,0.37291666865348816,
5,1753.0,9.999999747378752e-06,1753,1.1294898986816406,0.42500001192092896,
5,1754.0,9.999999747378752e-06,1754,1.2922780513763428,0.4570136070251465,
5,1755.0,9.999999747378752e-06,1755,1.0416778326034546,0.48867809772491455,
5,1756.0,9.999999747378752e-06,1756,0.998187243938446,0.4784035086631775,
5,1757.0,9.999999747378752e-06,1757,0.9777135848999023,0.4258241653442383,
5,1758.0,9.999999747378752e-06,1758,1.1637383699417114,0.43913042545318604,
5,1759.0,9.999999747378752e-06,1759,1.4000513553619385,0.45052629709243774,
5,1760.0,9.999999747378752e-06,1760,1.3182094097137451,0.3090185523033142,
5,1761.0,9.999999747378752e-06,1761,0.9366545677185059,0.5379629731178284,
5,1762.0,9.999999747378752e-06,1762,1.3948897123336792,0.31989794969558716,
5,1763.0,9.999999747378752e-06,1763,0.9053101539611816,0.4890109896659851,
5,1764.0,9.999999747378752e-06,1764,1.7802397012710571,0.4409722089767456,
5,1765.0,9.999999747378752e-06,1765,1.4514497518539429,0.48148149251937866,
5,1766.0,9.999999747378752e-06,1766,2.193024158477783,0.7207595109939575,
5,1767.0,9.999999747378752e-06,1767,1.0307304859161377,0.36781609058380127,
5,1768.0,9.999999747378752e-06,1768,0.7866500020027161,0.2467043399810791,
5,1769.0,9.999999747378752e-06,1769,1.109360933303833,0.4192708134651184,
5,1770.0,9.999999747378752e-06,1770,0.8175267577171326,0.32326531410217285,
5,1771.0,9.999999747378752e-06,1771,0.4921921193599701,0.15362036228179932,
5,1772.0,9.999999747378752e-06,1772,1.3535093069076538,0.5978835821151733,
5,1773.0,9.999999747378752e-06,1773,0.6513926386833191,0.303495317697525,
5,1774.0,9.999999747378752e-06,1774,2.1638665199279785,0.6071428656578064,
5,1775.0,9.999999747378752e-06,1775,0.8287646174430847,0.3500000238418579,
5,1776.0,9.999999747378752e-06,1776,0.8932597041130066,0.3318798542022705,
5,1777.0,9.999999747378752e-06,1777,0.7399885058403015,0.323025107383728,
5,1778.0,9.999999747378752e-06,1778,1.4917302131652832,0.47491639852523804,
5,1779.0,9.999999747378752e-06,1779,0.6789981722831726,0.38054436445236206,
5,1780.0,9.999999747378752e-06,1780,1.3159551620483398,0.7424242496490479,
5,1781.0,9.999999747378752e-06,1781,0.5273239612579346,0.39131686091423035,
5,1782.0,9.999999747378752e-06,1782,1.1682957410812378,0.5477272868156433,
5,1783.0,9.999999747378752e-06,1783,0.8292335271835327,0.4035390019416809,
5,1784.0,9.999999747378752e-06,1784,0.5488220453262329,0.2892976701259613,
5,1785.0,9.999999747378752e-06,1785,0.8473677039146423,0.3734687268733978,
5,1786.0,9.999999747378752e-06,1786,0.5087066888809204,0.30666667222976685,
5,1787.0,9.999999747378752e-06,1787,1.4811750650405884,0.6857143044471741,
5,1788.0,9.999999747378752e-06,1788,0.9078918099403381,0.41264668107032776,
5,1789.0,9.999999747378752e-06,1789,1.3500553369522095,0.5202020406723022,
5,1790.0,9.999999747378752e-06,1790,0.981556236743927,0.3154761791229248,
5,1791.0,9.999999747378752e-06,1791,1.073279857635498,0.4892857074737549,
5,1792.0,9.999999747378752e-06,1792,0.8613970875740051,0.4317227005958557,
5,1793.0,9.999999747378752e-06,1793,1.181229591369629,0.5357142686843872,
5,1794.0,9.999999747378752e-06,1794,0.5409290790557861,0.33709272742271423,
5,1795.0,9.999999747378752e-06,1795,0.6888588070869446,0.3831169009208679,
5,1796.0,9.999999747378752e-06,1796,1.1864901781082153,0.5215053558349609,
5,1797.0,9.999999747378752e-06,1797,0.518995463848114,0.3344988226890564,
5,1798.0,9.999999747378752e-06,1798,0.7701296210289001,0.2857142984867096,
5,1799.0,9.999999747378752e-06,1799,0.8747900128364563,0.3496226966381073,
5,1800.0,,1799,,,0.26145121455192566
5,1800.0,9.999999747378752e-06,1800,1.105008602142334,0.3892931342124939,
5,1801.0,9.999999747378752e-06,1801,0.9672039747238159,0.5348484516143799,
5,1802.0,9.999999747378752e-06,1802,0.6289223432540894,0.33441776037216187,
5,1803.0,9.999999747378752e-06,1803,1.1594878435134888,0.38099563121795654,
5,1804.0,9.999999747378752e-06,1804,1.0929800271987915,0.4625000059604645,
5,1805.0,9.999999747378752e-06,1805,0.5086690187454224,0.30365297198295593,
5,1806.0,9.999999747378752e-06,1806,1.769267201423645,0.633004903793335,
5,1807.0,9.999999747378752e-06,1807,0.6500343680381775,0.3121442198753357,
5,1808.0,9.999999747378752e-06,1808,0.631650984287262,0.23649755120277405,
5,1809.0,9.999999747378752e-06,1809,0.7229921817779541,0.2572152018547058,
5,1810.0,9.999999747378752e-06,1810,1.0696773529052734,0.30000001192092896,
5,1811.0,9.999999747378752e-06,1811,0.795875072479248,0.3177606463432312,
5,1812.0,9.999999747378752e-06,1812,1.293564796447754,0.583834171295166,
5,1813.0,9.999999747378752e-06,1813,1.0095816850662231,0.38455772399902344,
5,1814.0,9.999999747378752e-06,1814,1.2149198055267334,0.4191729426383972,
5,1815.0,9.999999747378752e-06,1815,2.57342791557312,0.666889488697052,
5,1816.0,9.999999747378752e-06,1816,1.6829872131347656,0.5349206924438477,
5,1817.0,9.999999747378752e-06,1817,1.1819686889648438,0.38235294818878174,
5,1818.0,9.999999747378752e-06,1818,0.8569987416267395,0.3448845148086548,
5,1819.0,9.999999747378752e-06,1819,0.9949162006378174,0.4272727370262146,
5,1820.0,9.999999747378752e-06,1820,0.7406775951385498,0.37068966031074524,
5,1821.0,9.999999747378752e-06,1821,1.0596200227737427,0.39646655321121216,
5,1822.0,9.999999747378752e-06,1822,1.1054562330245972,0.5558823347091675,
5,1823.0,9.999999747378752e-06,1823,0.9553011655807495,0.3907986283302307,
5,1824.0,9.999999747378752e-06,1824,0.9709186553955078,0.29459148645401,
5,1825.0,9.999999747378752e-06,1825,1.5774328708648682,0.44565218687057495,
5,1826.0,9.999999747378752e-06,1826,0.5109418630599976,0.2345588207244873,
5,1827.0,9.999999747378752e-06,1827,0.8051504492759705,0.3847796320915222,
5,1828.0,9.999999747378752e-06,1828,1.478517770767212,0.6691176891326904,
5,1829.0,9.999999747378752e-06,1829,1.5325790643692017,0.4566008448600769,
5,1830.0,9.999999747378752e-06,1830,0.8769415020942688,0.39588451385498047,
5,1831.0,9.999999747378752e-06,1831,1.9159443378448486,0.7124999761581421,
5,1832.0,9.999999747378752e-06,1832,0.5990644097328186,0.3117816150188446,
5,1833.0,9.999999747378752e-06,1833,0.36528438329696655,0.1165689155459404,
5,1834.0,9.999999747378752e-06,1834,0.995500922203064,0.4490740895271301,
5,1835.0,9.999999747378752e-06,1835,1.4712376594543457,0.5862268209457397,
5,1836.0,9.999999747378752e-06,1836,1.846550703048706,0.6600877046585083,
5,1837.0,9.999999747378752e-06,1837,1.5405398607254028,0.5178571343421936,
5,1838.0,9.999999747378752e-06,1838,0.7588542699813843,0.47777777910232544,
5,1839.0,9.999999747378752e-06,1839,0.45154890418052673,0.2065972238779068,
5,1840.0,9.999999747378752e-06,1840,0.9800032377243042,0.46529412269592285,
5,1841.0,9.999999747378752e-06,1841,0.8969435095787048,0.3217647075653076,
5,1842.0,9.999999747378752e-06,1842,0.6051832437515259,0.29865968227386475,
5,1843.0,9.999999747378752e-06,1843,1.4643008708953857,0.46562498807907104,
5,1844.0,9.999999747378752e-06,1844,1.0611164569854736,0.45108696818351746,
5,1845.0,9.999999747378752e-06,1845,0.6729399561882019,0.31297919154167175,
5,1846.0,9.999999747378752e-06,1846,0.9203858971595764,0.41421568393707275,
5,1847.0,9.999999747378752e-06,1847,0.8967744708061218,0.49504661560058594,
5,1848.0,9.999999747378752e-06,1848,0.8733499050140381,0.4714285731315613,
5,1849.0,9.999999747378752e-06,1849,1.1027779579162598,0.538095235824585,
5,1850.0,,1849,,,0.2583610415458679
5,1850.0,9.999999747378752e-06,1850,0.9408476948738098,0.3770195543766022,
5,1851.0,9.999999747378752e-06,1851,0.698263943195343,0.2625925838947296,
5,1852.0,9.999999747378752e-06,1852,0.9677150249481201,0.5,
5,1853.0,9.999999747378752e-06,1853,1.391473650932312,0.47288399934768677,
5,1854.0,9.999999747378752e-06,1854,0.6402766704559326,0.3018200397491455,
5,1855.0,9.999999747378752e-06,1855,1.1156104803085327,0.4076923131942749,
5,1856.0,9.999999747378752e-06,1856,0.6740553975105286,0.2150423675775528,
5,1857.0,9.999999747378752e-06,1857,0.4347129166126251,0.33030304312705994,
5,1858.0,9.999999747378752e-06,1858,1.9248243570327759,0.5692786574363708,
5,1859.0,9.999999747378752e-06,1859,0.821556806564331,0.4235294461250305,
5,1860.0,9.999999747378752e-06,1860,0.9136709570884705,0.35151517391204834,
5,1861.0,9.999999747378752e-06,1861,0.9419335126876831,0.3708920180797577,
5,1862.0,9.999999747378752e-06,1862,0.6597484350204468,0.3430555462837219,
5,1863.0,9.999999747378752e-06,1863,0.7783238291740417,0.35179924964904785,
5,1864.0,9.999999747378752e-06,1864,1.1134473085403442,0.43757280707359314,
5,1865.0,9.999999747378752e-06,1865,1.1568868160247803,0.45666664838790894,
5,1866.0,9.999999747378752e-06,1866,1.1977615356445312,0.495258629322052,
5,1867.0,9.999999747378752e-06,1867,1.0393527746200562,0.375,
5,1868.0,9.999999747378752e-06,1868,0.8329715728759766,0.18877550959587097,
5,1869.0,9.999999747378752e-06,1869,0.6653534173965454,0.29317110776901245,
5,1870.0,9.999999747378752e-06,1870,0.9192672967910767,0.41076791286468506,
5,1871.0,9.999999747378752e-06,1871,0.5153517127037048,0.31043630838394165,
5,1872.0,9.999999747378752e-06,1872,1.3993074893951416,0.4887005686759949,
5,1873.0,9.999999747378752e-06,1873,1.556191325187683,0.560606062412262,
5,1874.0,9.999999747378752e-06,1874,0.9451804161071777,0.3597348928451538,
5,1875.0,9.999999747378752e-06,1875,0.9704861044883728,0.4690297245979309,
5,1876.0,9.999999747378752e-06,1876,0.8106756210327148,0.341932475566864,
5,1877.0,9.999999747378752e-06,1877,1.6236751079559326,0.5649087429046631,
5,1878.0,9.999999747378752e-06,1878,1.0434507131576538,0.2970779240131378,
5,1879.0,9.999999747378752e-06,1879,1.0990848541259766,0.43189963698387146,
5,1880.0,9.999999747378752e-06,1880,1.1475740671157837,0.4791666567325592,
5,1881.0,9.999999747378752e-06,1881,0.7145468592643738,0.33666667342185974,
5,1882.0,9.999999747378752e-06,1882,0.8053180575370789,0.3508928418159485,
5,1883.0,9.999999747378752e-06,1883,0.9306215643882751,0.43802520632743835,
5,1884.0,9.999999747378752e-06,1884,0.949796736240387,0.3325396776199341,
5,1885.0,9.999999747378752e-06,1885,1.5842032432556152,0.5918688178062439,
5,1886.0,9.999999747378752e-06,1886,0.917316198348999,0.3115151524543762,
5,1887.0,9.999999747378752e-06,1887,0.7796527147293091,0.41498780250549316,
5,1888.0,9.999999747378752e-06,1888,1.3328635692596436,0.5166666507720947,
5,1889.0,9.999999747378752e-06,1889,0.8688110113143921,0.3779761791229248,
5,1890.0,9.999999747378752e-06,1890,2.6125354766845703,0.9106557369232178,
5,1891.0,9.999999747378752e-06,1891,1.191259741783142,0.4975787103176117,
5,1892.0,9.999999747378752e-06,1892,0.7624531388282776,0.47580647468566895,
5,1893.0,9.999999747378752e-06,1893,1.1076526641845703,0.4429095387458801,
5,1894.0,9.999999747378752e-06,1894,0.553494930267334,0.23074962198734283,
5,1895.0,9.999999747378752e-06,1895,0.8141344785690308,0.43196403980255127,
5,1896.0,9.999999747378752e-06,1896,1.1025959253311157,0.3862164616584778,
5,1897.0,9.999999747378752e-06,1897,1.0605891942977905,0.4219456911087036,
5,1898.0,9.999999747378752e-06,1898,0.9293276071548462,0.3619617223739624,
5,1899.0,9.999999747378752e-06,1899,1.3080782890319824,0.42947643995285034,
5,1900.0,,1899,,,0.2574613690376282
5,1900.0,9.999999747378752e-06,1900,1.9214448928833008,0.5403225421905518,
5,1901.0,9.999999747378752e-06,1901,0.6759065389633179,0.2261904776096344,
5,1902.0,9.999999747378752e-06,1902,2.115323066711426,0.5992063283920288,
5,1903.0,9.999999747378752e-06,1903,0.8169142603874207,0.2931879460811615,
5,1904.0,9.999999747378752e-06,1904,1.1952885389328003,0.49418604373931885,
5,1905.0,9.999999747378752e-06,1905,1.265008807182312,0.4075630307197571,
5,1906.0,9.999999747378752e-06,1906,0.5572143793106079,0.23798450827598572,
5,1907.0,9.999999747378752e-06,1907,1.1095243692398071,0.3885135054588318,
5,1908.0,9.999999747378752e-06,1908,0.5881101489067078,0.22745098173618317,
5,1909.0,9.999999747378752e-06,1909,0.9278917908668518,0.3433510661125183,
5,1910.0,9.999999747378752e-06,1910,0.7384262681007385,0.38240495324134827,
5,1911.0,9.999999747378752e-06,1911,0.664777934551239,0.36358973383903503,
5,1912.0,9.999999747378752e-06,1912,0.8110964894294739,0.3362480401992798,
5,1913.0,9.999999747378752e-06,1913,0.7098883986473083,0.33102425932884216,
5,1914.0,9.999999747378752e-06,1914,1.1180777549743652,0.3888888955116272,
5,1915.0,9.999999747378752e-06,1915,1.1643072366714478,0.3958333134651184,
5,1916.0,9.999999747378752e-06,1916,0.8565492033958435,0.2848036587238312,
5,1917.0,9.999999747378752e-06,1917,0.4939078986644745,0.19722223281860352,
5,1918.0,9.999999747378752e-06,1918,1.2037034034729004,0.5882066488265991,
5,1919.0,9.999999747378752e-06,1919,0.6237601041793823,0.21664167940616608,
5,1920.0,9.999999747378752e-06,1920,0.667363703250885,0.42650604248046875,
5,1921.0,9.999999747378752e-06,1921,0.5458129048347473,0.286060631275177,
5,1922.0,9.999999747378752e-06,1922,1.0344212055206299,0.5333333611488342,
5,1923.0,9.999999747378752e-06,1923,0.7801209092140198,0.2946026921272278,
5,1924.0,9.999999747378752e-06,1924,1.0248082876205444,0.5630630850791931,
5,1925.0,9.999999747378752e-06,1925,1.270216703414917,0.546875,
5,1926.0,9.999999747378752e-06,1926,0.9315654635429382,0.48257577419281006,
5,1927.0,9.999999747378752e-06,1927,0.5681453943252563,0.2569120526313782,
5,1928.0,9.999999747378752e-06,1928,0.755618691444397,0.24189814925193787,
5,1929.0,9.999999747378752e-06,1929,1.6223913431167603,0.46078431606292725,
5,1930.0,9.999999747378752e-06,1930,0.5577432513237,0.1428571492433548,
5,1931.0,9.999999747378752e-06,1931,1.057572841644287,0.501207709312439,
5,1932.0,9.999999747378752e-06,1932,0.6420848965644836,0.3814893662929535,
5,1933.0,9.999999747378752e-06,1933,1.2581712007522583,0.4222586154937744,
5,1934.0,9.999999747378752e-06,1934,0.7652875781059265,0.3570707142353058,
5,1935.0,9.999999747378752e-06,1935,0.8879265785217285,0.34879031777381897,
5,1936.0,9.999999747378752e-06,1936,0.8265806436538696,0.48491379618644714,
5,1937.0,9.999999747378752e-06,1937,1.0976773500442505,0.5840425491333008,
5,1938.0,9.999999747378752e-06,1938,0.7181377410888672,0.24652418494224548,
5,1939.0,9.999999747378752e-06,1939,1.1106165647506714,0.47777777910232544,
5,1940.0,9.999999747378752e-06,1940,1.5507837533950806,0.5897108912467957,
5,1941.0,9.999999747378752e-06,1941,1.1757986545562744,0.4635468125343323,
5,1942.0,9.999999747378752e-06,1942,0.7749622464179993,0.3623693585395813,
5,1943.0,9.999999747378752e-06,1943,0.9345917701721191,0.3804347813129425,
5,1944.0,9.999999747378752e-06,1944,0.7177377939224243,0.3819776773452759,
5,1945.0,9.999999747378752e-06,1945,1.0262876749038696,0.35239678621292114,
5,1946.0,9.999999747378752e-06,1946,0.8121756911277771,0.3093453049659729,
5,1947.0,9.999999747378752e-06,1947,0.7127031683921814,0.2369791716337204,
5,1948.0,9.999999747378752e-06,1948,1.033054232597351,0.41747260093688965,
5,1949.0,9.999999747378752e-06,1949,1.3229153156280518,0.7222222685813904,
5,1950.0,,1949,,,0.25194603204727173
5,1950.0,9.999999747378752e-06,1950,0.7437140941619873,0.32156863808631897,
5,1951.0,9.999999747378752e-06,1951,0.6487759351730347,0.37857145071029663,
5,1952.0,9.999999747378752e-06,1952,1.0397859811782837,0.43084263801574707,
5,1953.0,9.999999747378752e-06,1953,0.5111668705940247,0.33667781949043274,
5,1954.0,9.999999747378752e-06,1954,1.0554498434066772,0.4399515986442566,
5,1955.0,9.999999747378752e-06,1955,1.4277896881103516,0.4935988783836365,
5,1956.0,9.999999747378752e-06,1956,1.826524019241333,0.7095237970352173,
5,1957.0,9.999999747378752e-06,1957,0.6729754209518433,0.3083890676498413,
5,1958.0,9.999999747378752e-06,1958,0.8991696238517761,0.4385744333267212,
5,1959.0,9.999999747378752e-06,1959,1.706589937210083,0.5396825075149536,
5,1960.0,9.999999747378752e-06,1960,0.4086635708808899,0.2397129088640213,
5,1961.0,9.999999747378752e-06,1961,0.9670285582542419,0.38001424074172974,
5,1962.0,9.999999747378752e-06,1962,1.328914761543274,0.542954683303833,
5,1963.0,9.999999747378752e-06,1963,0.8936055302619934,0.3587912321090698,
5,1964.0,9.999999747378752e-06,1964,0.7462624907493591,0.4040403962135315,
5,1965.0,9.999999747378752e-06,1965,0.8843517303466797,0.38796859979629517,
5,1966.0,9.999999747378752e-06,1966,0.8261263966560364,0.32826805114746094,
5,1967.0,9.999999747378752e-06,1967,0.6043071150779724,0.2779720425605774,
5,1968.0,9.999999747378752e-06,1968,0.9198085069656372,0.422629714012146,
5,1969.0,9.999999747378752e-06,1969,0.579511284828186,0.4151472747325897,
5,1970.0,9.999999747378752e-06,1970,1.262178897857666,0.5147798657417297,
5,1971.0,9.999999747378752e-06,1971,1.7478240728378296,0.6349206566810608,
5,1972.0,9.999999747378752e-06,1972,1.1726696491241455,0.4351256489753723,
5,1973.0,9.999999747378752e-06,1973,0.8429390788078308,0.3958333432674408,
5,1974.0,9.999999747378752e-06,1974,0.6855060458183289,0.33415234088897705,
5,1975.0,9.999999747378752e-06,1975,0.6679523587226868,0.29358553886413574,
5,1976.0,9.999999747378752e-06,1976,0.7476155757904053,0.37049388885498047,
5,1977.0,9.999999747378752e-06,1977,0.8354570269584656,0.33947813510894775,
5,1978.0,9.999999747378752e-06,1978,0.720146656036377,0.39739131927490234,
5,1979.0,9.999999747378752e-06,1979,0.5743154883384705,0.20364655554294586,
5,1980.0,9.999999747378752e-06,1980,0.9978742003440857,0.583136796951294,
5,1981.0,9.999999747378752e-06,1981,1.1073411703109741,0.380952388048172,
5,1982.0,9.999999747378752e-06,1982,1.114534854888916,0.4192073345184326,
5,1983.0,9.999999747378752e-06,1983,0.8040165901184082,0.30414748191833496,
5,1984.0,9.999999747378752e-06,1984,1.512096881866455,0.5837500095367432,
5,1985.0,9.999999747378752e-06,1985,0.8207299113273621,0.4059829115867615,
5,1986.0,9.999999747378752e-06,1986,0.7887004017829895,0.3819047808647156,
5,1987.0,9.999999747378752e-06,1987,1.9840331077575684,0.53125,
5,1988.0,9.999999747378752e-06,1988,2.1990768909454346,0.6398809552192688,
5,1989.0,9.999999747378752e-06,1989,0.7566680312156677,0.3673170804977417,
5,1990.0,9.999999747378752e-06,1990,0.9711766839027405,0.3076923191547394,
5,1991.0,9.999999747378752e-06,1991,0.5262657403945923,0.26849356293678284,
5,1992.0,9.999999747378752e-06,1992,1.801177978515625,0.518750011920929,
5,1993.0,9.999999747378752e-06,1993,0.5671117305755615,0.32499998807907104,
5,1994.0,9.999999747378752e-06,1994,1.321921944618225,0.49230772256851196,
5,1995.0,9.999999747378752e-06,1995,0.7361627817153931,0.48202961683273315,
5,1996.0,9.999999747378752e-06,1996,0.5413065552711487,0.30690810084342957,
5,1997.0,9.999999747378752e-06,1997,0.8720925450325012,0.3360169529914856,
5,1998.0,9.999999747378752e-06,1998,0.6968533396720886,0.40681004524230957,
5,1999.0,9.999999747378752e-06,1999,0.9791466593742371,0.3795955777168274,
5,2000.0,,1999,,,0.2666536271572113
5,2000.0,9.999999747378752e-06,2000,0.9784332513809204,0.4674418568611145,
5,2001.0,9.999999747378752e-06,2001,0.7202612161636353,0.24291187524795532,
5,2002.0,9.999999747378752e-06,2002,0.6884782910346985,0.291720986366272,
5,2003.0,9.999999747378752e-06,2003,1.0590312480926514,0.5703790783882141,
5,2004.0,9.999999747378752e-06,2004,0.8762881755828857,0.34285715222358704,
5,2005.0,9.999999747378752e-06,2005,1.9253283739089966,0.62839674949646,
5,2006.0,9.999999747378752e-06,2006,0.8547513484954834,0.40965908765792847,
5,2007.0,9.999999747378752e-06,2007,0.7188692688941956,0.3694581389427185,
5,2008.0,9.999999747378752e-06,2008,1.197092890739441,0.5642857551574707,
5,2009.0,9.999999747378752e-06,2009,0.925896406173706,0.29919907450675964,
5,2010.0,9.999999747378752e-06,2010,0.442562997341156,0.13921189308166504,
5,2011.0,9.999999747378752e-06,2011,1.3188763856887817,0.6168831586837769,
5,2012.0,9.999999747378752e-06,2012,0.7775155901908875,0.48628363013267517,
5,2013.0,9.999999747378752e-06,2013,0.588911235332489,0.3395252823829651,
5,2014.0,9.999999747378752e-06,2014,0.9505528211593628,0.42197802662849426,
5,2015.0,9.999999747378752e-06,2015,1.3314486742019653,0.4492409825325012,
5,2016.0,9.999999747378752e-06,2016,0.7830991148948669,0.3665611743927002,
5,2017.0,9.999999747378752e-06,2017,0.5778610706329346,0.36868131160736084,
5,2018.0,9.999999747378752e-06,2018,1.1783181428909302,0.42874395847320557,
5,2019.0,9.999999747378752e-06,2019,0.830203115940094,0.5236573219299316,
5,2020.0,9.999999747378752e-06,2020,0.5990861058235168,0.3281814455986023,
5,2021.0,9.999999747378752e-06,2021,0.8984156250953674,0.5,
5,2022.0,9.999999747378752e-06,2022,0.7818043231964111,0.31173694133758545,
5,2023.0,9.999999747378752e-06,2023,2.248283863067627,0.6122994422912598,
5,2024.0,9.999999747378752e-06,2024,0.7785771489143372,0.34161490201950073,
5,2025.0,9.999999747378752e-06,2025,0.751679003238678,0.31018519401550293,
5,2026.0,9.999999747378752e-06,2026,1.2164589166641235,0.37527716159820557,
5,2027.0,9.999999747378752e-06,2027,1.1461000442504883,0.3961039185523987,
5,2028.0,9.999999747378752e-06,2028,1.1298081874847412,0.5303030610084534,
5,2029.0,9.999999747378752e-06,2029,0.8911606669425964,0.4204114079475403,
5,2030.0,9.999999747378752e-06,2030,1.0220551490783691,0.5782732367515564,
5,2031.0,9.999999747378752e-06,2031,0.7449034452438354,0.31420767307281494,
5,2032.0,9.999999747378752e-06,2032,1.2125015258789062,0.5826558470726013,
5,2033.0,9.999999747378752e-06,2033,0.6550067663192749,0.23470522463321686,
5,2034.0,9.999999747378752e-06,2034,1.180141806602478,0.4134615361690521,
5,2035.0,9.999999747378752e-06,2035,1.3333189487457275,0.598936140537262,
5,2036.0,9.999999747378752e-06,2036,0.9767401814460754,0.3704284429550171,
5,2037.0,9.999999747378752e-06,2037,0.6406128406524658,0.3791806101799011,
5,2038.0,9.999999747378752e-06,2038,0.7241970896720886,0.27742448449134827,
5,2039.0,9.999999747378752e-06,2039,0.4681965708732605,0.47551020979881287,
5,2040.0,9.999999747378752e-06,2040,1.1309117078781128,0.5446428656578064,
5,2041.0,9.999999747378752e-06,2041,1.7362258434295654,0.5971866846084595,
5,2042.0,9.999999747378752e-06,2042,0.736465334892273,0.38700565695762634,
5,2043.0,9.999999747378752e-06,2043,1.9033434391021729,0.4771505296230316,
5,2044.0,9.999999747378752e-06,2044,1.0069429874420166,0.3604651093482971,
5,2045.0,9.999999747378752e-06,2045,0.9286783933639526,0.30135804414749146,
5,2046.0,9.999999747378752e-06,2046,3.514512062072754,0.7347480058670044,
5,2047.0,9.999999747378752e-06,2047,0.7189429402351379,0.31359028816223145,
5,2048.0,9.999999747378752e-06,2048,0.6802632808685303,0.29670876264572144,
5,2049.0,9.999999747378752e-06,2049,1.3866703510284424,0.39375579357147217,
5,2050.0,,2049,,,0.25597497820854187
5,2050.0,9.999999747378752e-06,2050,1.1004054546356201,0.42571428418159485,
5,2051.0,9.999999747378752e-06,2051,1.0121560096740723,0.6410256624221802,
5,2052.0,9.999999747378752e-06,2052,1.6973687410354614,0.6602563858032227,
5,2053.0,9.999999747378752e-06,2053,0.5530768036842346,0.3838028311729431,
5,2054.0,9.999999747378752e-06,2054,0.831775963306427,0.4647541046142578,
5,2055.0,9.999999747378752e-06,2055,0.7463893890380859,0.3212848901748657,
5,2056.0,9.999999747378752e-06,2056,0.4183958172798157,0.2410714328289032,
5,2057.0,9.999999747378752e-06,2057,0.815215528011322,0.30612245202064514,
6,2058.0,9.999999747378752e-06,2058,1.7708704471588135,0.484674334526062,
6,2059.0,9.999999747378752e-06,2059,0.7809103727340698,0.2935420870780945,
6,2060.0,9.999999747378752e-06,2060,1.2930634021759033,0.5694444179534912,
6,2061.0,9.999999747378752e-06,2061,1.1336138248443604,0.4266798496246338,
6,2062.0,9.999999747378752e-06,2062,0.8225719928741455,0.31339287757873535,
6,2063.0,9.999999747378752e-06,2063,1.4251823425292969,0.4231366515159607,
6,2064.0,9.999999747378752e-06,2064,1.0485421419143677,0.44880783557891846,
6,2065.0,9.999999747378752e-06,2065,0.9794750809669495,0.2862493395805359,
6,2066.0,9.999999747378752e-06,2066,1.29140043258667,0.5785714387893677,
6,2067.0,9.999999747378752e-06,2067,0.8935942649841309,0.44240644574165344,
6,2068.0,9.999999747378752e-06,2068,0.9855818152427673,0.4057143032550812,
6,2069.0,9.999999747378752e-06,2069,0.6999406814575195,0.34065040946006775,
6,2070.0,9.999999747378752e-06,2070,0.46710360050201416,0.22510823607444763,
6,2071.0,9.999999747378752e-06,2071,1.7494566440582275,0.5938215255737305,
6,2072.0,9.999999747378752e-06,2072,1.178922414779663,0.517241358757019,
6,2073.0,9.999999747378752e-06,2073,1.4200918674468994,0.6309523582458496,
6,2074.0,9.999999747378752e-06,2074,1.2131093740463257,0.39802631735801697,
6,2075.0,9.999999747378752e-06,2075,1.694719672203064,0.5925925970077515,
6,2076.0,9.999999747378752e-06,2076,1.285747766494751,0.5408602356910706,
6,2077.0,9.999999747378752e-06,2077,1.0473836660385132,0.42512908577919006,
6,2078.0,9.999999747378752e-06,2078,0.7473896145820618,0.35759952664375305,
6,2079.0,9.999999747378752e-06,2079,0.8109661936759949,0.38126567006111145,
6,2080.0,9.999999747378752e-06,2080,1.2853734493255615,0.40671640634536743,
6,2081.0,9.999999747378752e-06,2081,0.5309443473815918,0.2899610102176666,
6,2082.0,9.999999747378752e-06,2082,0.7704228758811951,0.4045352637767792,
6,2083.0,9.999999747378752e-06,2083,0.757875382900238,0.3786565661430359,
6,2084.0,9.999999747378752e-06,2084,1.1073336601257324,0.39813560247421265,
6,2085.0,9.999999747378752e-06,2085,0.9004511833190918,0.5727332234382629,
6,2086.0,9.999999747378752e-06,2086,1.1668553352355957,0.5032840967178345,
6,2087.0,9.999999747378752e-06,2087,0.8668637871742249,0.30180180072784424,
6,2088.0,9.999999747378752e-06,2088,0.816699743270874,0.3982793390750885,
6,2089.0,9.999999747378752e-06,2089,1.5591984987258911,0.5320513248443604,
6,2090.0,9.999999747378752e-06,2090,1.4906086921691895,0.5066666603088379,
6,2091.0,9.999999747378752e-06,2091,0.5934717655181885,0.30505049228668213,
6,2092.0,9.999999747378752e-06,2092,1.1688451766967773,0.583880603313446,
6,2093.0,9.999999747378752e-06,2093,0.8842682242393494,0.38749998807907104,
6,2094.0,9.999999747378752e-06,2094,0.8293375372886658,0.32458770275115967,
6,2095.0,9.999999747378752e-06,2095,0.8548175692558289,0.3610256314277649,
6,2096.0,9.999999747378752e-06,2096,1.4826316833496094,0.4479895234107971,
6,2097.0,9.999999747378752e-06,2097,0.5699742436408997,0.34006673097610474,
6,2098.0,9.999999747378752e-06,2098,0.9297050833702087,0.40462183952331543,
6,2099.0,9.999999747378752e-06,2099,0.6605191230773926,0.31481480598449707,
6,2100.0,,2099,,,0.2587521970272064
6,2100.0,9.999999747378752e-06,2100,0.7402225732803345,0.32913023233413696,
6,2101.0,9.999999747378752e-06,2101,0.9091931581497192,0.3364661633968353,
6,2102.0,9.999999747378752e-06,2102,1.4889026880264282,0.49363425374031067,
6,2103.0,9.999999747378752e-06,2103,0.7381885051727295,0.269936203956604,
6,2104.0,9.999999747378752e-06,2104,1.0210329294204712,0.5197368264198303,
6,2105.0,9.999999747378752e-06,2105,1.0574085712432861,0.3941570818424225,
6,2106.0,9.999999747378752e-06,2106,0.5322337746620178,0.25529101490974426,
6,2107.0,9.999999747378752e-06,2107,0.8392875790596008,0.35046082735061646,
6,2108.0,9.999999747378752e-06,2108,1.1025539636611938,0.4639706015586853,
6,2109.0,9.999999747378752e-06,2109,0.7755233645439148,0.34705883264541626,
6,2110.0,9.999999747378752e-06,2110,0.9540676474571228,0.4189131259918213,
6,2111.0,9.999999747378752e-06,2111,0.6665089130401611,0.3301807641983032,
6,2112.0,9.999999747378752e-06,2112,1.019242286682129,0.4404761791229248,
6,2113.0,9.999999747378752e-06,2113,1.0781141519546509,0.5212418437004089,
6,2114.0,9.999999747378752e-06,2114,1.3329724073410034,0.6362382769584656,
6,2115.0,9.999999747378752e-06,2115,0.6298232674598694,0.2840501666069031,
6,2116.0,9.999999747378752e-06,2116,0.8147969841957092,0.3426859974861145,
6,2117.0,9.999999747378752e-06,2117,1.2458547353744507,0.4713144302368164,
6,2118.0,9.999999747378752e-06,2118,0.9111286997795105,0.2606896460056305,
6,2119.0,9.999999747378752e-06,2119,1.3965811729431152,0.5701389312744141,
6,2120.0,9.999999747378752e-06,2120,1.1985349655151367,0.39372551441192627,
6,2121.0,9.999999747378752e-06,2121,0.8724151253700256,0.2523719072341919,
6,2122.0,9.999999747378752e-06,2122,1.2478234767913818,0.5422000885009766,
6,2123.0,9.999999747378752e-06,2123,1.1249467134475708,0.5332207083702087,
6,2124.0,9.999999747378752e-06,2124,1.2035819292068481,0.4330357313156128,
6,2125.0,9.999999747378752e-06,2125,0.9932413697242737,0.35253167152404785,
6,2126.0,9.999999747378752e-06,2126,0.5879514813423157,0.31679588556289673,
6,2127.0,9.999999747378752e-06,2127,0.6997331976890564,0.3340996205806732,
6,2128.0,9.999999747378752e-06,2128,0.4149251878261566,0.19224923849105835,
6,2129.0,9.999999747378752e-06,2129,0.5378709435462952,0.32135438919067383,
6,2130.0,9.999999747378752e-06,2130,0.8630692958831787,0.4809523820877075,
6,2131.0,9.999999747378752e-06,2131,1.224694848060608,0.4793906807899475,
6,2132.0,9.999999747378752e-06,2132,1.3762215375900269,0.4253246784210205,
6,2133.0,9.999999747378752e-06,2133,1.3310028314590454,0.44597068428993225,
6,2134.0,9.999999747378752e-06,2134,0.43485116958618164,0.2610630989074707,
6,2135.0,9.999999747378752e-06,2135,1.1538150310516357,0.5427296161651611,
6,2136.0,9.999999747378752e-06,2136,0.7888264656066895,0.46636927127838135,
6,2137.0,9.999999747378752e-06,2137,1.0478312969207764,0.5202702283859253,
6,2138.0,9.999999747378752e-06,2138,1.9072542190551758,0.4721485376358032,
6,2139.0,9.999999747378752e-06,2139,0.5171496868133545,0.2693452537059784,
6,2140.0,9.999999747378752e-06,2140,0.9609071612358093,0.3865740895271301,
6,2141.0,9.999999747378752e-06,2141,0.5260072946548462,0.4073387384414673,
6,2142.0,9.999999747378752e-06,2142,1.4036345481872559,0.6807692050933838,
6,2143.0,9.999999747378752e-06,2143,0.5905553102493286,0.3142857253551483,
6,2144.0,9.999999747378752e-06,2144,0.7178109288215637,0.4115384817123413,
6,2145.0,9.999999747378752e-06,2145,0.968900203704834,0.44548872113227844,
6,2146.0,9.999999747378752e-06,2146,0.7827364206314087,0.3682417869567871,
6,2147.0,9.999999747378752e-06,2147,0.7792320847511292,0.4443907141685486,
6,2148.0,9.999999747378752e-06,2148,0.9564725756645203,0.46865203976631165,
6,2149.0,9.999999747378752e-06,2149,1.0872138738632202,0.4840085506439209,
6,2150.0,,2149,,,0.2544885575771332
6,2150.0,9.999999747378752e-06,2150,0.8480016589164734,0.35784316062927246,
6,2151.0,9.999999747378752e-06,2151,0.8692162036895752,0.39469611644744873,
6,2152.0,9.999999747378752e-06,2152,0.7913669347763062,0.30049261450767517,
6,2153.0,9.999999747378752e-06,2153,0.800256073474884,0.3289036750793457,
6,2154.0,9.999999747378752e-06,2154,1.0476155281066895,0.3969494104385376,
6,2155.0,9.999999747378752e-06,2155,0.5975065231323242,0.3643749952316284,
6,2156.0,9.999999747378752e-06,2156,0.6540086269378662,0.3094017207622528,
6,2157.0,9.999999747378752e-06,2157,0.64112389087677,0.35923755168914795,
6,2158.0,9.999999747378752e-06,2158,0.7530059218406677,0.3557118773460388,
6,2159.0,9.999999747378752e-06,2159,0.6419259905815125,0.2967836260795593,
6,2160.0,9.999999747378752e-06,2160,1.8620802164077759,0.581447958946228,
6,2161.0,9.999999747378752e-06,2161,0.5525661110877991,0.2708333432674408,
6,2162.0,9.999999747378752e-06,2162,1.340359091758728,0.39901822805404663,
6,2163.0,9.999999747378752e-06,2163,0.9994108080863953,0.47770190238952637,
6,2164.0,9.999999747378752e-06,2164,0.8890219926834106,0.4442599415779114,
6,2165.0,9.999999747378752e-06,2165,1.049226999282837,0.36764708161354065,
6,2166.0,9.999999747378752e-06,2166,1.006434440612793,0.4407051205635071,
6,2167.0,9.999999747378752e-06,2167,0.7276092767715454,0.2770034968852997,
6,2168.0,9.999999747378752e-06,2168,1.0446109771728516,0.457843154668808,
6,2169.0,9.999999747378752e-06,2169,1.007246732711792,0.6499999761581421,
6,2170.0,9.999999747378752e-06,2170,1.8477567434310913,0.577519416809082,
6,2171.0,9.999999747378752e-06,2171,0.8849766254425049,0.31381118297576904,
6,2172.0,9.999999747378752e-06,2172,0.7695317268371582,0.37089014053344727,
6,2173.0,9.999999747378752e-06,2173,0.8916847705841064,0.4544872045516968,
6,2174.0,9.999999747378752e-06,2174,0.8867154717445374,0.5,
6,2175.0,9.999999747378752e-06,2175,0.7320646643638611,0.33953341841697693,
6,2176.0,9.999999747378752e-06,2176,0.7619016766548157,0.2560160458087921,
6,2177.0,9.999999747378752e-06,2177,1.2027695178985596,0.5230607986450195,
6,2178.0,9.999999747378752e-06,2178,0.6466370224952698,0.1875,
6,2179.0,9.999999747378752e-06,2179,0.7856167554855347,0.3619185984134674,
6,2180.0,9.999999747378752e-06,2180,1.0234160423278809,0.34692513942718506,
6,2181.0,9.999999747378752e-06,2181,0.6617781519889832,0.4445488750934601,
6,2182.0,9.999999747378752e-06,2182,0.3717547655105591,0.2234848588705063,
6,2183.0,9.999999747378752e-06,2183,1.1089116334915161,0.49918603897094727,
6,2184.0,9.999999747378752e-06,2184,0.9980448484420776,0.5871212482452393,
6,2185.0,9.999999747378752e-06,2185,0.8854308128356934,0.43070176243782043,
6,2186.0,9.999999747378752e-06,2186,0.8776888847351074,0.5396825671195984,
6,2187.0,9.999999747378752e-06,2187,1.5280802249908447,0.5313626527786255,
6,2188.0,9.999999747378752e-06,2188,1.107895851135254,0.37012195587158203,
6,2189.0,9.999999747378752e-06,2189,1.1209447383880615,0.4482029676437378,
6,2190.0,9.999999747378752e-06,2190,1.6653568744659424,0.6203007698059082,
6,2191.0,9.999999747378752e-06,2191,1.6275334358215332,0.707237958908081,
6,2192.0,9.999999747378752e-06,2192,0.6183395385742188,0.3098832964897156,
6,2193.0,9.999999747378752e-06,2193,1.0415395498275757,0.5053763389587402,
6,2194.0,9.999999747378752e-06,2194,0.7137706279754639,0.22639751434326172,
6,2195.0,9.999999747378752e-06,2195,1.8398160934448242,0.48694318532943726,
6,2196.0,9.999999747378752e-06,2196,1.0028952360153198,0.488095223903656,
6,2197.0,9.999999747378752e-06,2197,0.9777153134346008,0.3347597122192383,
6,2198.0,9.999999747378752e-06,2198,0.5545055866241455,0.38150492310523987,
6,2199.0,9.999999747378752e-06,2199,1.630862832069397,0.6194202899932861,
6,2200.0,,2199,,,0.2571093440055847
6,2200.0,9.999999747378752e-06,2200,1.081497073173523,0.4000000059604645,
6,2201.0,9.999999747378752e-06,2201,0.9948351383209229,0.5009074211120605,
6,2202.0,9.999999747378752e-06,2202,0.5874602794647217,0.26594147086143494,
6,2203.0,9.999999747378752e-06,2203,0.8443776965141296,0.3147321343421936,
6,2204.0,9.999999747378752e-06,2204,0.6272682547569275,0.3105178475379944,
6,2205.0,9.999999747378752e-06,2205,0.939767062664032,0.35217392444610596,
6,2206.0,9.999999747378752e-06,2206,1.191894292831421,0.532608687877655,
6,2207.0,9.999999747378752e-06,2207,1.2137700319290161,0.5916666388511658,
6,2208.0,9.999999747378752e-06,2208,0.8245866894721985,0.43589746952056885,
6,2209.0,9.999999747378752e-06,2209,0.9631630778312683,0.4568822681903839,
6,2210.0,9.999999747378752e-06,2210,1.0800037384033203,0.39748549461364746,
6,2211.0,9.999999747378752e-06,2211,0.8778735399246216,0.3587380349636078,
6,2212.0,9.999999747378752e-06,2212,0.848572313785553,0.37311267852783203,
6,2213.0,9.999999747378752e-06,2213,0.9784122705459595,0.4682971239089966,
6,2214.0,9.999999747378752e-06,2214,1.1355122327804565,0.5873656272888184,
6,2215.0,9.999999747378752e-06,2215,0.9507555365562439,0.3586914539337158,
6,2216.0,9.999999747378752e-06,2216,0.9771113991737366,0.4630435109138489,
6,2217.0,9.999999747378752e-06,2217,0.662547767162323,0.3351648449897766,
6,2218.0,9.999999747378752e-06,2218,0.6713426113128662,0.3160606026649475,
6,2219.0,9.999999747378752e-06,2219,0.7159289717674255,0.26031142473220825,
6,2220.0,9.999999747378752e-06,2220,0.9611508846282959,0.4892857074737549,
6,2221.0,9.999999747378752e-06,2221,0.6728305816650391,0.24847561120986938,
6,2222.0,9.999999747378752e-06,2222,1.5730475187301636,0.4895833134651184,
6,2223.0,9.999999747378752e-06,2223,1.5727583169937134,0.5889356136322021,
6,2224.0,9.999999747378752e-06,2224,1.2943999767303467,0.47427886724472046,
6,2225.0,9.999999747378752e-06,2225,0.6862735748291016,0.2413109689950943,
6,2226.0,9.999999747378752e-06,2226,0.575096070766449,0.23375000059604645,
6,2227.0,9.999999747378752e-06,2227,0.7477710247039795,0.24073448777198792,
6,2228.0,9.999999747378752e-06,2228,0.6186537146568298,0.3772534430027008,
6,2229.0,9.999999747378752e-06,2229,0.9504747986793518,0.3446327745914459,
6,2230.0,9.999999747378752e-06,2230,1.004256010055542,0.3532025218009949,
6,2231.0,9.999999747378752e-06,2231,1.05661940574646,0.5222039222717285,
6,2232.0,9.999999747378752e-06,2232,0.4382719397544861,0.2149122953414917,
6,2233.0,9.999999747378752e-06,2233,0.657136082649231,0.28016167879104614,
6,2234.0,9.999999747378752e-06,2234,1.5564467906951904,0.35619956254959106,
6,2235.0,9.999999747378752e-06,2235,1.8050792217254639,0.6155015230178833,
6,2236.0,9.999999747378752e-06,2236,1.0484352111816406,0.4585379362106323,
6,2237.0,9.999999747378752e-06,2237,0.7656024098396301,0.4539642035961151,
6,2238.0,9.999999747378752e-06,2238,0.42259910702705383,0.2862318754196167,
6,2239.0,9.999999747378752e-06,2239,0.6861804723739624,0.1614583432674408,
6,2240.0,9.999999747378752e-06,2240,0.9633165597915649,0.30503979325294495,
6,2241.0,9.999999747378752e-06,2241,0.730567455291748,0.38999998569488525,
6,2242.0,9.999999747378752e-06,2242,0.9460846781730652,0.5690537095069885,
6,2243.0,9.999999747378752e-06,2243,0.4444679915904999,0.2911534309387207,
6,2244.0,9.999999747378752e-06,2244,1.9467852115631104,0.6285714507102966,
6,2245.0,9.999999747378752e-06,2245,1.0985174179077148,0.43958333134651184,
6,2246.0,9.999999747378752e-06,2246,1.3284090757369995,0.4523809552192688,
6,2247.0,9.999999747378752e-06,2247,0.9454327821731567,0.35087719559669495,
6,2248.0,9.999999747378752e-06,2248,0.6477254629135132,0.2596273422241211,
6,2249.0,9.999999747378752e-06,2249,0.5777461528778076,0.3642290234565735,
6,2250.0,,2249,,,0.2512810528278351
6,2250.0,9.999999747378752e-06,2250,1.0496416091918945,0.5165656805038452,
6,2251.0,9.999999747378752e-06,2251,1.0900579690933228,0.4474431872367859,
6,2252.0,9.999999747378752e-06,2252,1.2379337549209595,0.5017856955528259,
6,2253.0,9.999999747378752e-06,2253,1.167842984199524,0.5159774422645569,
6,2254.0,9.999999747378752e-06,2254,0.9955207705497742,0.46770185232162476,
6,2255.0,9.999999747378752e-06,2255,1.0474567413330078,0.33823060989379883,
6,2256.0,9.999999747378752e-06,2256,0.9314841628074646,0.4482707381248474,
6,2257.0,9.999999747378752e-06,2257,1.0848909616470337,0.46621620655059814,
6,2258.0,9.999999747378752e-06,2258,0.5769376754760742,0.3223905563354492,
6,2259.0,9.999999747378752e-06,2259,0.7467103004455566,0.3487773537635803,
6,2260.0,9.999999747378752e-06,2260,0.8156338334083557,0.31495100259780884,
6,2261.0,9.999999747378752e-06,2261,0.6546196341514587,0.23289473354816437,
6,2262.0,9.999999747378752e-06,2262,0.6053831577301025,0.3080640435218811,
6,2263.0,9.999999747378752e-06,2263,0.8726922273635864,0.3896940350532532,
6,2264.0,9.999999747378752e-06,2264,1.2573946714401245,0.43154436349868774,
6,2265.0,9.999999747378752e-06,2265,0.5564519762992859,0.3102232813835144,
6,2266.0,9.999999747378752e-06,2266,0.8154705166816711,0.25229978561401367,
6,2267.0,9.999999747378752e-06,2267,1.3570953607559204,0.4908435046672821,
6,2268.0,9.999999747378752e-06,2268,0.5987544655799866,0.18382352590560913,
6,2269.0,9.999999747378752e-06,2269,0.7294242978096008,0.34378939867019653,
6,2270.0,9.999999747378752e-06,2270,0.864713191986084,0.30796587467193604,
6,2271.0,9.999999747378752e-06,2271,0.9472745060920715,0.33131569623947144,
6,2272.0,9.999999747378752e-06,2272,1.3800420761108398,0.4831174612045288,
6,2273.0,9.999999747378752e-06,2273,0.7630714774131775,0.3184121549129486,
6,2274.0,9.999999747378752e-06,2274,0.6444246768951416,0.3703576922416687,
6,2275.0,9.999999747378752e-06,2275,0.5466868877410889,0.23367533087730408,
6,2276.0,9.999999747378752e-06,2276,1.112902045249939,0.4145021438598633,
6,2277.0,9.999999747378752e-06,2277,1.5974681377410889,0.5215014219284058,
6,2278.0,9.999999747378752e-06,2278,1.5258435010910034,0.7019230723381042,
6,2279.0,9.999999747378752e-06,2279,1.0018149614334106,0.3645833134651184,
6,2280.0,9.999999747378752e-06,2280,0.8234210014343262,0.36355310678482056,
6,2281.0,9.999999747378752e-06,2281,0.5872861742973328,0.24105939269065857,
6,2282.0,9.999999747378752e-06,2282,0.6651227474212646,0.3096774220466614,
6,2283.0,9.999999747378752e-06,2283,1.3018878698349,0.4215633273124695,
6,2284.0,9.999999747378752e-06,2284,0.6495175957679749,0.39047619700431824,
6,2285.0,9.999999747378752e-06,2285,1.2414112091064453,0.4385416805744171,
6,2286.0,9.999999747378752e-06,2286,1.6049580574035645,0.6836363673210144,
6,2287.0,9.999999747378752e-06,2287,0.941165030002594,0.4372294545173645,
6,2288.0,9.999999747378752e-06,2288,1.5762901306152344,0.5311224460601807,
6,2289.0,9.999999747378752e-06,2289,1.287335991859436,0.6444805264472961,
6,2290.0,9.999999747378752e-06,2290,2.0184061527252197,0.572115421295166,
6,2291.0,9.999999747378752e-06,2291,0.5208564400672913,0.29529914259910583,
6,2292.0,9.999999747378752e-06,2292,1.0947104692459106,0.4584615230560303,
6,2293.0,9.999999747378752e-06,2293,0.5228791832923889,0.34550562500953674,
6,2294.0,9.999999747378752e-06,2294,1.180182933807373,0.628078818321228,
6,2295.0,9.999999747378752e-06,2295,0.9583757519721985,0.2245989441871643,
6,2296.0,9.999999747378752e-06,2296,1.5433039665222168,0.49000000953674316,
6,2297.0,9.999999747378752e-06,2297,1.9988921880722046,0.5974358916282654,
6,2298.0,9.999999747378752e-06,2298,1.1076456308364868,0.32179105281829834,
6,2299.0,9.999999747378752e-06,2299,0.47046780586242676,0.1678733080625534,
6,2300.0,,2299,,,0.25006845593452454
6,2300.0,9.999999747378752e-06,2300,0.3662821650505066,0.25441595911979675,
6,2301.0,9.999999747378752e-06,2301,0.7359853386878967,0.4728682339191437,
6,2302.0,9.999999747378752e-06,2302,1.2386107444763184,0.4416666626930237,
6,2303.0,9.999999747378752e-06,2303,0.9374620914459229,0.44003868103027344,
6,2304.0,9.999999747378752e-06,2304,0.9172585010528564,0.5339285731315613,
6,2305.0,9.999999747378752e-06,2305,1.1055164337158203,0.46405231952667236,
6,2306.0,9.999999747378752e-06,2306,1.3287265300750732,0.6899752616882324,
6,2307.0,9.999999747378752e-06,2307,1.5474438667297363,0.46666669845581055,
6,2308.0,9.999999747378752e-06,2308,0.6961246728897095,0.3430107533931732,
6,2309.0,9.999999747378752e-06,2309,0.7973674535751343,0.4075241684913635,
6,2310.0,9.999999747378752e-06,2310,0.8871268630027771,0.24604743719100952,
6,2311.0,9.999999747378752e-06,2311,1.1588267087936401,0.38090771436691284,
6,2312.0,9.999999747378752e-06,2312,1.1443698406219482,0.39375001192092896,
6,2313.0,9.999999747378752e-06,2313,0.5746889114379883,0.3789592981338501,
6,2314.0,9.999999747378752e-06,2314,1.0758640766143799,0.4168855547904968,
6,2315.0,9.999999747378752e-06,2315,0.659713625907898,0.35806649923324585,
6,2316.0,9.999999747378752e-06,2316,0.8413222432136536,0.27031418681144714,
6,2317.0,9.999999747378752e-06,2317,0.5962179899215698,0.2208646684885025,
6,2318.0,9.999999747378752e-06,2318,0.8095024824142456,0.3659420311450958,
6,2319.0,9.999999747378752e-06,2319,0.842143714427948,0.33224400877952576,
6,2320.0,9.999999747378752e-06,2320,0.8627123236656189,0.4140625,
6,2321.0,9.999999747378752e-06,2321,0.8227773904800415,0.3142857253551483,
6,2322.0,9.999999747378752e-06,2322,1.1165738105773926,0.37386876344680786,
6,2323.0,9.999999747378752e-06,2323,0.4855481684207916,0.22093595564365387,
6,2324.0,9.999999747378752e-06,2324,1.1005243062973022,0.43491286039352417,
6,2325.0,9.999999747378752e-06,2325,1.3323040008544922,0.4792349934577942,
6,2326.0,9.999999747378752e-06,2326,0.7554415464401245,0.209090918302536,
6,2327.0,9.999999747378752e-06,2327,1.0390560626983643,0.372710645198822,
6,2328.0,9.999999747378752e-06,2328,0.688219428062439,0.3207316994667053,
6,2329.0,9.999999747378752e-06,2329,0.955158531665802,0.363095223903656,
6,2330.0,9.999999747378752e-06,2330,1.2177091836929321,0.4224885106086731,
6,2331.0,9.999999747378752e-06,2331,1.2566683292388916,0.625,
6,2332.0,9.999999747378752e-06,2332,0.7497900724411011,0.24664679169654846,
6,2333.0,9.999999747378752e-06,2333,0.8276127576828003,0.41290727257728577,
6,2334.0,9.999999747378752e-06,2334,0.5351093411445618,0.23758013546466827,
6,2335.0,9.999999747378752e-06,2335,0.82077556848526,0.3688684105873108,
6,2336.0,9.999999747378752e-06,2336,1.1402578353881836,0.43424317240715027,
6,2337.0,9.999999747378752e-06,2337,0.7642221450805664,0.4622950553894043,
6,2338.0,9.999999747378752e-06,2338,1.104140043258667,0.4886642098426819,
6,2339.0,9.999999747378752e-06,2339,0.7205584645271301,0.29108309745788574,
6,2340.0,9.999999747378752e-06,2340,1.3094441890716553,0.395465612411499,
6,2341.0,9.999999747378752e-06,2341,1.1533712148666382,0.4923245906829834,
6,2342.0,9.999999747378752e-06,2342,0.8895048499107361,0.37793102860450745,
6,2343.0,9.999999747378752e-06,2343,0.7387259602546692,0.4725490212440491,
6,2344.0,9.999999747378752e-06,2344,0.8892337679862976,0.35424837470054626,
6,2345.0,9.999999747378752e-06,2345,1.1177375316619873,0.47058823704719543,
6,2346.0,9.999999747378752e-06,2346,0.8156629204750061,0.5326389074325562,
6,2347.0,9.999999747378752e-06,2347,0.8921934366226196,0.49009495973587036,
6,2348.0,9.999999747378752e-06,2348,0.7158346772193909,0.35567569732666016,
6,2349.0,9.999999747378752e-06,2349,1.1449425220489502,0.4900568127632141,
6,2350.0,,2349,,,0.260003924369812
6,2350.0,9.999999747378752e-06,2350,0.5396046042442322,0.22254005074501038,
6,2351.0,9.999999747378752e-06,2351,1.0604252815246582,0.3896276652812958,
6,2352.0,9.999999747378752e-06,2352,0.40128952264785767,0.19153225421905518,
6,2353.0,9.999999747378752e-06,2353,1.4021140336990356,0.6333634853363037,
6,2354.0,9.999999747378752e-06,2354,0.8223055601119995,0.3921911418437958,
6,2355.0,9.999999747378752e-06,2355,1.310546875,0.5989736318588257,
6,2356.0,9.999999747378752e-06,2356,1.0319640636444092,0.4973776340484619,
6,2357.0,9.999999747378752e-06,2357,0.868517279624939,0.45375460386276245,
6,2358.0,9.999999747378752e-06,2358,0.9189257621765137,0.3807588219642639,
6,2359.0,9.999999747378752e-06,2359,0.8087555170059204,0.40817612409591675,
6,2360.0,9.999999747378752e-06,2360,0.5895824432373047,0.2195727825164795,
6,2361.0,9.999999747378752e-06,2361,0.8830996155738831,0.3901098966598511,
6,2362.0,9.999999747378752e-06,2362,0.7755269408226013,0.2801242172718048,
6,2363.0,9.999999747378752e-06,2363,0.8720300197601318,0.3602003753185272,
6,2364.0,9.999999747378752e-06,2364,1.035045862197876,0.3741496801376343,
6,2365.0,9.999999747378752e-06,2365,1.1046288013458252,0.5037878751754761,
6,2366.0,9.999999747378752e-06,2366,0.785359799861908,0.251164972782135,
6,2367.0,9.999999747378752e-06,2367,1.4042233228683472,0.5156369209289551,
6,2368.0,9.999999747378752e-06,2368,1.350304126739502,0.7186363339424133,
6,2369.0,9.999999747378752e-06,2369,0.7327459454536438,0.3083333373069763,
6,2370.0,9.999999747378752e-06,2370,0.5826276540756226,0.37627875804901123,
6,2371.0,9.999999747378752e-06,2371,0.811786413192749,0.2857142984867096,
6,2372.0,9.999999747378752e-06,2372,0.7782382965087891,0.385337233543396,
6,2373.0,9.999999747378752e-06,2373,1.3500865697860718,0.5600961446762085,
6,2374.0,9.999999747378752e-06,2374,1.095067024230957,0.604219913482666,
6,2375.0,9.999999747378752e-06,2375,0.9203925728797913,0.3167388439178467,
6,2376.0,9.999999747378752e-06,2376,1.1811269521713257,0.6303716897964478,
6,2377.0,9.999999747378752e-06,2377,0.6734899282455444,0.35090577602386475,
6,2378.0,9.999999747378752e-06,2378,0.6356374025344849,0.27787455916404724,
6,2379.0,9.999999747378752e-06,2379,0.842013418674469,0.31198590993881226,
6,2380.0,9.999999747378752e-06,2380,0.8038668632507324,0.28651314973831177,
6,2381.0,9.999999747378752e-06,2381,0.8219798803329468,0.27070707082748413,
6,2382.0,9.999999747378752e-06,2382,1.1428039073944092,0.3618420958518982,
6,2383.0,9.999999747378752e-06,2383,0.5065837502479553,0.25730520486831665,
6,2384.0,9.999999747378752e-06,2384,0.9689466953277588,0.30466198921203613,
6,2385.0,9.999999747378752e-06,2385,0.760499119758606,0.375,
6,2386.0,9.999999747378752e-06,2386,0.9783235192298889,0.48546934127807617,
6,2387.0,9.999999747378752e-06,2387,0.5430076122283936,0.2649277150630951,
6,2388.0,9.999999747378752e-06,2388,0.8466135859489441,0.3550691306591034,
6,2389.0,9.999999747378752e-06,2389,0.770222544670105,0.4404762089252472,
6,2390.0,9.999999747378752e-06,2390,1.1995792388916016,0.38875001668930054,
6,2391.0,9.999999747378752e-06,2391,1.028442144393921,0.4393382668495178,
6,2392.0,9.999999747378752e-06,2392,0.770435094833374,0.27690476179122925,
6,2393.0,9.999999747378752e-06,2393,1.2699344158172607,0.3619658350944519,
6,2394.0,9.999999747378752e-06,2394,1.2042661905288696,0.6471153497695923,
6,2395.0,9.999999747378752e-06,2395,1.100097894668579,0.5616710782051086,
6,2396.0,9.999999747378752e-06,2396,0.8644713759422302,0.219519704580307,
6,2397.0,9.999999747378752e-06,2397,1.2314207553863525,0.4992690086364746,
6,2398.0,9.999999747378752e-06,2398,1.4198153018951416,0.5181818008422852,
6,2399.0,9.999999747378752e-06,2399,0.38907843828201294,0.2772727310657501,
6,2400.0,,2399,,,0.24975553154945374
6,2400.0,9.999999747378752e-06,2400,0.7607161402702332,0.3684210479259491,
7,2401.0,9.999999747378752e-06,2401,1.0267767906188965,0.4453316926956177,
7,2402.0,9.999999747378752e-06,2402,0.8636684417724609,0.4438285231590271,
7,2403.0,9.999999747378752e-06,2403,0.9957018494606018,0.35531914234161377,
7,2404.0,9.999999747378752e-06,2404,0.3991048336029053,0.24315476417541504,
7,2405.0,9.999999747378752e-06,2405,0.42840394377708435,0.2402871549129486,
7,2406.0,9.999999747378752e-06,2406,1.2110027074813843,0.4309605360031128,
7,2407.0,9.999999747378752e-06,2407,0.529666543006897,0.3125,
7,2408.0,9.999999747378752e-06,2408,0.9005229473114014,0.35624122619628906,
7,2409.0,9.999999747378752e-06,2409,0.7755817770957947,0.37146449089050293,
7,2410.0,9.999999747378752e-06,2410,0.7906791567802429,0.35957446694374084,
7,2411.0,9.999999747378752e-06,2411,1.20534086227417,0.3711967468261719,
7,2412.0,9.999999747378752e-06,2412,0.7049859166145325,0.3956241011619568,
7,2413.0,9.999999747378752e-06,2413,0.6078905463218689,0.24186992645263672,
7,2414.0,9.999999747378752e-06,2414,1.5280895233154297,0.5278148651123047,
7,2415.0,9.999999747378752e-06,2415,0.519908607006073,0.2112220823764801,
7,2416.0,9.999999747378752e-06,2416,1.0318149328231812,0.46507352590560913,
7,2417.0,9.999999747378752e-06,2417,1.1806954145431519,0.3955342769622803,
7,2418.0,9.999999747378752e-06,2418,0.598548412322998,0.2165071666240692,
7,2419.0,9.999999747378752e-06,2419,0.9712628126144409,0.472763329744339,
7,2420.0,9.999999747378752e-06,2420,0.7923368811607361,0.28463202714920044,
7,2421.0,9.999999747378752e-06,2421,1.1048002243041992,0.4542563557624817,
7,2422.0,9.999999747378752e-06,2422,0.7416887283325195,0.32894736528396606,
7,2423.0,9.999999747378752e-06,2423,1.4955617189407349,0.5219907760620117,
7,2424.0,9.999999747378752e-06,2424,1.1879022121429443,0.5587044954299927,
7,2425.0,9.999999747378752e-06,2425,0.9890990257263184,0.3768656849861145,
7,2426.0,9.999999747378752e-06,2426,1.0669770240783691,0.38553112745285034,
7,2427.0,9.999999747378752e-06,2427,1.0016528367996216,0.41608738899230957,
7,2428.0,9.999999747378752e-06,2428,0.907067596912384,0.46666669845581055,
7,2429.0,9.999999747378752e-06,2429,1.1026259660720825,0.4130081534385681,
7,2430.0,9.999999747378752e-06,2430,1.2897038459777832,0.5340425968170166,
7,2431.0,9.999999747378752e-06,2431,0.9679322242736816,0.34166666865348816,
7,2432.0,9.999999747378752e-06,2432,0.7627919316291809,0.39914530515670776,
7,2433.0,9.999999747378752e-06,2433,0.7387658953666687,0.32671958208084106,
7,2434.0,9.999999747378752e-06,2434,0.5666226744651794,0.30000001192092896,
7,2435.0,9.999999747378752e-06,2435,0.47139811515808105,0.30467408895492554,
7,2436.0,9.999999747378752e-06,2436,0.8575057983398438,0.2649572789669037,
7,2437.0,9.999999747378752e-06,2437,1.167987585067749,0.4349827468395233,
7,2438.0,9.999999747378752e-06,2438,0.8276382088661194,0.3632884919643402,
7,2439.0,9.999999747378752e-06,2439,0.7070413827896118,0.31683671474456787,
7,2440.0,9.999999747378752e-06,2440,1.0589100122451782,0.4034574627876282,
7,2441.0,9.999999747378752e-06,2441,0.8653446435928345,0.41059738397598267,
7,2442.0,9.999999747378752e-06,2442,0.5342577695846558,0.22545871138572693,
7,2443.0,9.999999747378752e-06,2443,0.7552782893180847,0.5705645084381104,
7,2444.0,9.999999747378752e-06,2444,0.618373692035675,0.32510966062545776,
7,2445.0,9.999999747378752e-06,2445,0.8290778994560242,0.35784316062927246,
7,2446.0,9.999999747378752e-06,2446,1.066132664680481,0.426247775554657,
7,2447.0,9.999999747378752e-06,2447,1.3510593175888062,0.42307692766189575,
7,2448.0,9.999999747378752e-06,2448,0.6090984344482422,0.2831142544746399,
7,2449.0,9.999999747378752e-06,2449,0.883661150932312,0.375,
7,2450.0,,2449,,,0.26035594940185547
7,2450.0,9.999999747378752e-06,2450,0.7652269601821899,0.22195513546466827,
7,2451.0,9.999999747378752e-06,2451,2.356010675430298,0.6764507293701172,
7,2452.0,9.999999747378752e-06,2452,0.8211075067520142,0.38202965259552,
7,2453.0,9.999999747378752e-06,2453,0.7696468830108643,0.31083381175994873,
7,2454.0,9.999999747378752e-06,2454,0.8204207420349121,0.3614864945411682,
7,2455.0,9.999999747378752e-06,2455,1.0010930299758911,0.5461538434028625,
7,2456.0,9.999999747378752e-06,2456,0.8185182809829712,0.2689075767993927,
7,2457.0,9.999999747378752e-06,2457,0.6761861443519592,0.3689368665218353,
7,2458.0,9.999999747378752e-06,2458,0.838029146194458,0.3589341640472412,
7,2459.0,9.999999747378752e-06,2459,1.1770001649856567,0.5853174328804016,
7,2460.0,9.999999747378752e-06,2460,1.5931034088134766,0.5904547572135925,
7,2461.0,9.999999747378752e-06,2461,1.2012540102005005,0.5454545617103577,
7,2462.0,9.999999747378752e-06,2462,0.8261990547180176,0.351308137178421,
7,2463.0,9.999999747378752e-06,2463,1.164341926574707,0.48125994205474854,
7,2464.0,9.999999747378752e-06,2464,0.6058353185653687,0.3478771448135376,
7,2465.0,9.999999747378752e-06,2465,0.7140343189239502,0.4206560254096985,
7,2466.0,9.999999747378752e-06,2466,0.8179395198822021,0.49947553873062134,
7,2467.0,9.999999747378752e-06,2467,1.4663912057876587,0.4184492230415344,
7,2468.0,9.999999747378752e-06,2468,1.259018063545227,0.6197916269302368,
7,2469.0,9.999999747378752e-06,2469,0.9131672382354736,0.3937388062477112,
7,2470.0,9.999999747378752e-06,2470,1.2556166648864746,0.4862440228462219,
7,2471.0,9.999999747378752e-06,2471,0.5310655832290649,0.2739105820655823,
7,2472.0,9.999999747378752e-06,2472,0.5475912094116211,0.2841213345527649,
7,2473.0,9.999999747378752e-06,2473,0.44748321175575256,0.24864864349365234,
7,2474.0,9.999999747378752e-06,2474,0.6797239184379578,0.34492480754852295,
7,2475.0,9.999999747378752e-06,2475,0.5062680840492249,0.41283950209617615,
7,2476.0,9.999999747378752e-06,2476,1.1139476299285889,0.5768415331840515,
7,2477.0,9.999999747378752e-06,2477,0.7853382229804993,0.2039240598678589,
7,2478.0,9.999999747378752e-06,2478,1.287539005279541,0.5297619104385376,
7,2479.0,9.999999747378752e-06,2479,1.2620512247085571,0.75,
7,2480.0,9.999999747378752e-06,2480,0.9842492938041687,0.40595611929893494,
7,2481.0,9.999999747378752e-06,2481,1.1902430057525635,0.5227272510528564,
7,2482.0,9.999999747378752e-06,2482,0.5669212341308594,0.24365079402923584,
7,2483.0,9.999999747378752e-06,2483,0.3801773190498352,0.19875222444534302,
7,2484.0,9.999999747378752e-06,2484,0.7686029672622681,0.5226608514785767,
7,2485.0,9.999999747378752e-06,2485,0.8583047389984131,0.335185170173645,
7,2486.0,9.999999747378752e-06,2486,1.0203758478164673,0.35129958391189575,
7,2487.0,9.999999747378752e-06,2487,0.9903848767280579,0.5006868243217468,
7,2488.0,9.999999747378752e-06,2488,0.9376915097236633,0.4815094470977783,
7,2489.0,9.999999747378752e-06,2489,0.7177955508232117,0.4444788098335266,
7,2490.0,9.999999747378752e-06,2490,1.2309181690216064,0.4693877696990967,
7,2491.0,9.999999747378752e-06,2491,0.7986971139907837,0.5062500238418579,
7,2492.0,9.999999747378752e-06,2492,0.8162413239479065,0.46551722288131714,
7,2493.0,9.999999747378752e-06,2493,0.5046940445899963,0.267234206199646,
7,2494.0,9.999999747378752e-06,2494,0.9071860313415527,0.4631927013397217,
7,2495.0,9.999999747378752e-06,2495,0.6357545852661133,0.27741408348083496,
7,2496.0,9.999999747378752e-06,2496,0.8565870523452759,0.40322577953338623,
7,2497.0,9.999999747378752e-06,2497,1.044434905052185,0.3722943663597107,
7,2498.0,9.999999747378752e-06,2498,1.3626550436019897,0.5946276187896729,
7,2499.0,9.999999747378752e-06,2499,0.9416607618331909,0.49436089396476746,
7,2500.0,,2499,,,0.2537062466144562
7,2500.0,9.999999747378752e-06,2500,1.5616858005523682,0.6552197933197021,
7,2501.0,9.999999747378752e-06,2501,1.123787760734558,0.563095211982727,
7,2502.0,9.999999747378752e-06,2502,1.6378986835479736,0.7058823704719543,
7,2503.0,9.999999747378752e-06,2503,2.3450887203216553,0.6392543911933899,
7,2504.0,9.999999747378752e-06,2504,0.8172624707221985,0.40362513065338135,
7,2505.0,9.999999747378752e-06,2505,1.6825740337371826,0.6181818246841431,
7,2506.0,9.999999747378752e-06,2506,1.6206703186035156,0.5855695009231567,
7,2507.0,9.999999747378752e-06,2507,1.2605252265930176,0.5375000238418579,
7,2508.0,9.999999747378752e-06,2508,0.5250392556190491,0.32311320304870605,
7,2509.0,9.999999747378752e-06,2509,1.1566129922866821,0.4512670636177063,
7,2510.0,9.999999747378752e-06,2510,1.2573130130767822,0.4628787636756897,
7,2511.0,9.999999747378752e-06,2511,1.5250647068023682,0.6481481790542603,
7,2512.0,9.999999747378752e-06,2512,0.9449541568756104,0.5482673048973083,
7,2513.0,9.999999747378752e-06,2513,0.8806277513504028,0.36944442987442017,
7,2514.0,9.999999747378752e-06,2514,0.9045753479003906,0.5099999904632568,
7,2515.0,9.999999747378752e-06,2515,0.5407324433326721,0.36760514974594116,
7,2516.0,9.999999747378752e-06,2516,1.267819881439209,0.5163690447807312,
7,2517.0,9.999999747378752e-06,2517,0.7838321328163147,0.3032833933830261,
7,2518.0,9.999999747378752e-06,2518,0.9733642339706421,0.32620614767074585,
7,2519.0,9.999999747378752e-06,2519,1.035784363746643,0.3224637806415558,
7,2520.0,9.999999747378752e-06,2520,1.012594223022461,0.3366996943950653,
7,2521.0,9.999999747378752e-06,2521,0.6800313591957092,0.3340108394622803,
7,2522.0,9.999999747378752e-06,2522,0.6645461916923523,0.32193732261657715,
7,2523.0,9.999999747378752e-06,2523,0.8540619015693665,0.4432539641857147,
7,2524.0,9.999999747378752e-06,2524,1.0371092557907104,0.45512819290161133,
7,2525.0,9.999999747378752e-06,2525,1.1302094459533691,0.46372687816619873,
7,2526.0,9.999999747378752e-06,2526,1.0817832946777344,0.38667231798171997,
7,2527.0,9.999999747378752e-06,2527,1.4613049030303955,0.6880378723144531,
7,2528.0,9.999999747378752e-06,2528,0.5687830448150635,0.25265955924987793,
7,2529.0,9.999999747378752e-06,2529,1.0873724222183228,0.45069336891174316,
7,2530.0,9.999999747378752e-06,2530,0.7420445680618286,0.2945992946624756,
7,2531.0,9.999999747378752e-06,2531,0.7998536229133606,0.2983253598213196,
7,2532.0,9.999999747378752e-06,2532,0.5318461656570435,0.18250000476837158,
7,2533.0,9.999999747378752e-06,2533,1.6113452911376953,0.523809552192688,
7,2534.0,9.999999747378752e-06,2534,1.0552836656570435,0.7065789699554443,
7,2535.0,9.999999747378752e-06,2535,1.3510775566101074,0.6590908765792847,
7,2536.0,9.999999747378752e-06,2536,1.1613097190856934,0.48571428656578064,
7,2537.0,9.999999747378752e-06,2537,1.150822639465332,0.4030303359031677,
7,2538.0,9.999999747378752e-06,2538,0.8130773305892944,0.3801892399787903,
7,2539.0,9.999999747378752e-06,2539,1.3470380306243896,0.485187292098999,
7,2540.0,9.999999747378752e-06,2540,1.1439192295074463,0.30128204822540283,
7,2541.0,9.999999747378752e-06,2541,0.8776061534881592,0.30170732736587524,
7,2542.0,9.999999747378752e-06,2542,0.5692323446273804,0.29672694206237793,
7,2543.0,9.999999747378752e-06,2543,1.0157428979873657,0.44301992654800415,
7,2544.0,9.999999747378752e-06,2544,0.7684085369110107,0.32965517044067383,
7,2545.0,9.999999747378752e-06,2545,1.1148205995559692,0.43615221977233887,
7,2546.0,9.999999747378752e-06,2546,1.0776276588439941,0.3870967626571655,
7,2547.0,9.999999747378752e-06,2547,0.7865493893623352,0.3384755253791809,
7,2548.0,9.999999747378752e-06,2548,1.824183702468872,0.5617495775222778,
7,2549.0,9.999999747378752e-06,2549,0.8278660774230957,0.43071800470352173,
7,2550.0,,2549,,,0.25116369128227234
7,2550.0,9.999999747378752e-06,2550,0.799433171749115,0.38112306594848633,
7,2551.0,9.999999747378752e-06,2551,0.4709744453430176,0.3051612973213196,
7,2552.0,9.999999747378752e-06,2552,1.0029271841049194,0.5703296661376953,
7,2553.0,9.999999747378752e-06,2553,0.7389341592788696,0.3478260934352875,
7,2554.0,9.999999747378752e-06,2554,1.2443910837173462,0.5292949676513672,
7,2555.0,9.999999747378752e-06,2555,0.7258551716804504,0.3150501847267151,
7,2556.0,9.999999747378752e-06,2556,0.7431374788284302,0.293501615524292,
7,2557.0,9.999999747378752e-06,2557,1.1867421865463257,0.5965588092803955,
7,2558.0,9.999999747378752e-06,2558,0.6468876600265503,0.2537769079208374,
7,2559.0,9.999999747378752e-06,2559,0.5268203020095825,0.3065134286880493,
7,2560.0,9.999999747378752e-06,2560,0.8477807641029358,0.3714747428894043,
7,2561.0,9.999999747378752e-06,2561,0.7883009910583496,0.3888888955116272,
7,2562.0,9.999999747378752e-06,2562,1.4302154779434204,0.5763888955116272,
7,2563.0,9.999999747378752e-06,2563,0.5267884135246277,0.2848869264125824,
7,2564.0,9.999999747378752e-06,2564,1.1081849336624146,0.4774305522441864,
7,2565.0,9.999999747378752e-06,2565,0.4215124845504761,0.25,
7,2566.0,9.999999747378752e-06,2566,0.6784551739692688,0.27220696210861206,
7,2567.0,9.999999747378752e-06,2567,0.6057348251342773,0.27176016569137573,
7,2568.0,9.999999747378752e-06,2568,0.6893250346183777,0.41642510890960693,
7,2569.0,9.999999747378752e-06,2569,1.1405682563781738,0.26555556058883667,
7,2570.0,9.999999747378752e-06,2570,0.5463471412658691,0.2725694477558136,
7,2571.0,9.999999747378752e-06,2571,1.1009427309036255,0.2789473533630371,
7,2572.0,9.999999747378752e-06,2572,1.111534833908081,0.501341700553894,
7,2573.0,9.999999747378752e-06,2573,1.262449026107788,0.4285714328289032,
7,2574.0,9.999999747378752e-06,2574,0.7800793647766113,0.3053571581840515,
7,2575.0,9.999999747378752e-06,2575,1.4878807067871094,0.5140305757522583,
7,2576.0,9.999999747378752e-06,2576,0.609144389629364,0.2809829115867615,
7,2577.0,9.999999747378752e-06,2577,1.3943970203399658,0.4790862202644348,
7,2578.0,9.999999747378752e-06,2578,0.6389110088348389,0.3050595223903656,
7,2579.0,9.999999747378752e-06,2579,0.4660586714744568,0.3238747715950012,
7,2580.0,9.999999747378752e-06,2580,1.0274863243103027,0.43831169605255127,
7,2581.0,9.999999747378752e-06,2581,0.8238523006439209,0.3177083134651184,
7,2582.0,9.999999747378752e-06,2582,0.9917454123497009,0.53632652759552,
7,2583.0,9.999999747378752e-06,2583,1.0903538465499878,0.3323529362678528,
7,2584.0,9.999999747378752e-06,2584,1.2696298360824585,0.5094184875488281,
7,2585.0,9.999999747378752e-06,2585,0.7855924963951111,0.4247512221336365,
7,2586.0,9.999999747378752e-06,2586,1.4117224216461182,0.7162162065505981,
7,2587.0,9.999999747378752e-06,2587,0.9023651480674744,0.36588233709335327,
7,2588.0,9.999999747378752e-06,2588,1.3744699954986572,0.6394736766815186,
7,2589.0,9.999999747378752e-06,2589,1.2349454164505005,0.579574465751648,
7,2590.0,9.999999747378752e-06,2590,0.48945292830467224,0.16049954295158386,
7,2591.0,9.999999747378752e-06,2591,1.2132933139801025,0.46253502368927,
7,2592.0,9.999999747378752e-06,2592,0.7373848557472229,0.3401360511779785,
7,2593.0,9.999999747378752e-06,2593,0.8955278992652893,0.40367966890335083,
7,2594.0,9.999999747378752e-06,2594,0.6371772289276123,0.4000000059604645,
7,2595.0,9.999999747378752e-06,2595,1.1066977977752686,0.4196428656578064,
7,2596.0,9.999999747378752e-06,2596,1.0147417783737183,0.42489033937454224,
7,2597.0,9.999999747378752e-06,2597,0.5707979798316956,0.3444444537162781,
7,2598.0,9.999999747378752e-06,2598,0.8260462880134583,0.25652840733528137,
7,2599.0,9.999999747378752e-06,2599,0.8409082293510437,0.44724464416503906,
7,2600.0,,2599,,,0.25437119603157043
7,2600.0,9.999999747378752e-06,2600,1.4358105659484863,0.41457682847976685,
7,2601.0,9.999999747378752e-06,2601,1.0978354215621948,0.6679841876029968,
7,2602.0,9.999999747378752e-06,2602,0.6153393387794495,0.32037582993507385,
7,2603.0,9.999999747378752e-06,2603,0.7567787170410156,0.2922077775001526,
7,2604.0,9.999999747378752e-06,2604,0.7217039465904236,0.3381534814834595,
7,2605.0,9.999999747378752e-06,2605,0.7723376154899597,0.30988454818725586,
7,2606.0,9.999999747378752e-06,2606,0.6175259947776794,0.29490968585014343,
7,2607.0,9.999999747378752e-06,2607,1.1672505140304565,0.2965686321258545,
7,2608.0,9.999999747378752e-06,2608,1.3979688882827759,0.48728811740875244,
7,2609.0,9.999999747378752e-06,2609,1.4035271406173706,0.7255166172981262,
7,2610.0,9.999999747378752e-06,2610,1.5986886024475098,0.5538201332092285,
7,2611.0,9.999999747378752e-06,2611,0.7532532811164856,0.3694029748439789,
7,2612.0,9.999999747378752e-06,2612,1.3315212726593018,0.5412262082099915,
7,2613.0,9.999999747378752e-06,2613,0.7187227010726929,0.273333340883255,
7,2614.0,9.999999747378752e-06,2614,0.8313761353492737,0.29182329773902893,
7,2615.0,9.999999747378752e-06,2615,0.8878285884857178,0.3563636541366577,
7,2616.0,9.999999747378752e-06,2616,0.6162366271018982,0.2698412835597992,
7,2617.0,9.999999747378752e-06,2617,0.9568094611167908,0.36603623628616333,
7,2618.0,9.999999747378752e-06,2618,0.8886563777923584,0.37594202160835266,
7,2619.0,9.999999747378752e-06,2619,1.1209626197814941,0.4570791721343994,
7,2620.0,9.999999747378752e-06,2620,0.8294723033905029,0.4303278625011444,
7,2621.0,9.999999747378752e-06,2621,0.7531895637512207,0.4194819927215576,
7,2622.0,9.999999747378752e-06,2622,0.9781843423843384,0.4040052890777588,
7,2623.0,9.999999747378752e-06,2623,0.5731525421142578,0.2613636255264282,
7,2624.0,9.999999747378752e-06,2624,0.5163227319717407,0.20441347360610962,
7,2625.0,9.999999747378752e-06,2625,0.6923373341560364,0.42047929763793945,
7,2626.0,9.999999747378752e-06,2626,0.7723702192306519,0.34375,
7,2627.0,9.999999747378752e-06,2627,0.5965949892997742,0.24319028854370117,
7,2628.0,9.999999747378752e-06,2628,0.9542657136917114,0.5462962985038757,
7,2629.0,9.999999747378752e-06,2629,1.280243992805481,0.5378100275993347,
7,2630.0,9.999999747378752e-06,2630,0.8517721891403198,0.3501501679420471,
7,2631.0,9.999999747378752e-06,2631,0.5239331722259521,0.29927247762680054,
7,2632.0,9.999999747378752e-06,2632,0.7910873889923096,0.33383458852767944,
7,2633.0,9.999999747378752e-06,2633,0.7683326005935669,0.28627336025238037,
7,2634.0,9.999999747378752e-06,2634,1.1431246995925903,0.5192307829856873,
7,2635.0,9.999999747378752e-06,2635,0.7499074339866638,0.239130437374115,
7,2636.0,9.999999747378752e-06,2636,0.5524909496307373,0.3333333432674408,
7,2637.0,9.999999747378752e-06,2637,0.4427604675292969,0.24381691217422485,
7,2638.0,9.999999747378752e-06,2638,0.449372798204422,0.25037065148353577,
7,2639.0,9.999999747378752e-06,2639,0.9182291626930237,0.3384615480899811,
7,2640.0,9.999999747378752e-06,2640,0.8763532638549805,0.2916666865348816,
7,2641.0,9.999999747378752e-06,2641,1.512190818786621,0.45072463154792786,
7,2642.0,9.999999747378752e-06,2642,1.0401711463928223,0.33178573846817017,
7,2643.0,9.999999747378752e-06,2643,1.446961760520935,0.3829268217086792,
7,2644.0,9.999999747378752e-06,2644,1.120760202407837,0.4000000059604645,
7,2645.0,9.999999747378752e-06,2645,1.3639923334121704,0.43663594126701355,
7,2646.0,9.999999747378752e-06,2646,0.48188188672065735,0.27218616008758545,
7,2647.0,9.999999747378752e-06,2647,0.9476911425590515,0.3826597332954407,
7,2648.0,9.999999747378752e-06,2648,0.8899704813957214,0.420512855052948,
7,2649.0,9.999999747378752e-06,2649,0.673446536064148,0.3517312705516815,
7,2650.0,,2649,,,0.25343242287635803
7,2650.0,9.999999747378752e-06,2650,0.9050023555755615,0.3381006717681885,
7,2651.0,9.999999747378752e-06,2651,0.9238037467002869,0.33679428696632385,
7,2652.0,9.999999747378752e-06,2652,1.4521299600601196,0.49466776847839355,
7,2653.0,9.999999747378752e-06,2653,1.0071007013320923,0.5534273982048035,
7,2654.0,9.999999747378752e-06,2654,0.6281147599220276,0.3741258978843689,
7,2655.0,9.999999747378752e-06,2655,1.4907926321029663,0.49464285373687744,
7,2656.0,9.999999747378752e-06,2656,1.0141323804855347,0.42633605003356934,
7,2657.0,9.999999747378752e-06,2657,1.337252140045166,0.4826086759567261,
7,2658.0,9.999999747378752e-06,2658,0.638200581073761,0.3455377519130707,
7,2659.0,9.999999747378752e-06,2659,1.7441622018814087,0.7780748605728149,
7,2660.0,9.999999747378752e-06,2660,0.836017370223999,0.36440861225128174,
7,2661.0,9.999999747378752e-06,2661,0.7234258055686951,0.2590909004211426,
7,2662.0,9.999999747378752e-06,2662,0.9396940469741821,0.3968579173088074,
7,2663.0,9.999999747378752e-06,2663,1.6148946285247803,0.5590575337409973,
7,2664.0,9.999999747378752e-06,2664,2.1699256896972656,0.8348861336708069,
7,2665.0,9.999999747378752e-06,2665,1.073652982711792,0.40675675868988037,
7,2666.0,9.999999747378752e-06,2666,1.1868011951446533,0.6148809790611267,
7,2667.0,9.999999747378752e-06,2667,1.1356899738311768,0.48949581384658813,
7,2668.0,9.999999747378752e-06,2668,0.8949875235557556,0.42039358615875244,
7,2669.0,9.999999747378752e-06,2669,1.0808433294296265,0.4477272629737854,
7,2670.0,9.999999747378752e-06,2670,0.5833821296691895,0.2840774953365326,
7,2671.0,9.999999747378752e-06,2671,0.8247657418251038,0.3581235706806183,
7,2672.0,9.999999747378752e-06,2672,1.2090965509414673,0.448369562625885,
7,2673.0,9.999999747378752e-06,2673,1.4732096195220947,0.6071428656578064,
7,2674.0,9.999999747378752e-06,2674,0.6655009984970093,0.30344828963279724,
7,2675.0,9.999999747378752e-06,2675,1.0217030048370361,0.36315789818763733,
7,2676.0,9.999999747378752e-06,2676,1.311039686203003,0.5196079015731812,
7,2677.0,9.999999747378752e-06,2677,1.169694185256958,0.46388888359069824,
7,2678.0,9.999999747378752e-06,2678,1.1552668809890747,0.3499999940395355,
7,2679.0,9.999999747378752e-06,2679,0.587563693523407,0.3418181538581848,
7,2680.0,9.999999747378752e-06,2680,0.9476895332336426,0.5206971764564514,
7,2681.0,9.999999747378752e-06,2681,0.7416782975196838,0.24873310327529907,
7,2682.0,9.999999747378752e-06,2682,1.5894745588302612,0.5447368621826172,
7,2683.0,9.999999747378752e-06,2683,0.7660064697265625,0.4861111044883728,
7,2684.0,9.999999747378752e-06,2684,0.4219089150428772,0.32457366585731506,
7,2685.0,9.999999747378752e-06,2685,0.7087287306785583,0.2678268253803253,
7,2686.0,9.999999747378752e-06,2686,1.3187559843063354,0.48667600750923157,
7,2687.0,9.999999747378752e-06,2687,0.7085305452346802,0.36167076230049133,
7,2688.0,9.999999747378752e-06,2688,1.0962549448013306,0.4753694534301758,
7,2689.0,9.999999747378752e-06,2689,0.6027734279632568,0.3290140628814697,
7,2690.0,9.999999747378752e-06,2690,1.7309818267822266,0.6238437294960022,
7,2691.0,9.999999747378752e-06,2691,0.7912921905517578,0.5287878513336182,
7,2692.0,9.999999747378752e-06,2692,0.617804229259491,0.3032454252243042,
7,2693.0,9.999999747378752e-06,2693,0.8943777084350586,0.4345238208770752,
7,2694.0,9.999999747378752e-06,2694,0.7093862891197205,0.49318182468414307,
7,2695.0,9.999999747378752e-06,2695,0.7124669551849365,0.4795081913471222,
7,2696.0,9.999999747378752e-06,2696,1.0491371154785156,0.4166666567325592,
7,2697.0,9.999999747378752e-06,2697,0.770319938659668,0.3452380895614624,
7,2698.0,9.999999747378752e-06,2698,0.6799727082252502,0.2913806438446045,
7,2699.0,9.999999747378752e-06,2699,0.8376766443252563,0.40909093618392944,
7,2700.0,,2699,,,0.25288480520248413
7,2700.0,9.999999747378752e-06,2700,1.2422322034835815,0.3058059811592102,
7,2701.0,9.999999747378752e-06,2701,0.679808497428894,0.2508425712585449,
7,2702.0,9.999999747378752e-06,2702,0.7462345361709595,0.34405457973480225,
7,2703.0,9.999999747378752e-06,2703,0.8376615643501282,0.4061800241470337,
7,2704.0,9.999999747378752e-06,2704,0.592918336391449,0.23885172605514526,
7,2705.0,9.999999747378752e-06,2705,0.5163634419441223,0.2547619044780731,
7,2706.0,9.999999747378752e-06,2706,0.7681789398193359,0.3060035705566406,
7,2707.0,9.999999747378752e-06,2707,0.9778332114219666,0.3178294599056244,
7,2708.0,9.999999747378752e-06,2708,0.6013700366020203,0.2686868906021118,
7,2709.0,9.999999747378752e-06,2709,0.9647385478019714,0.42251014709472656,
7,2710.0,9.999999747378752e-06,2710,0.9161552786827087,0.4730769395828247,
7,2711.0,9.999999747378752e-06,2711,0.8337143063545227,0.19308756291866302,
7,2712.0,9.999999747378752e-06,2712,0.9284946918487549,0.3923395574092865,
7,2713.0,9.999999747378752e-06,2713,0.7813315391540527,0.29971015453338623,
7,2714.0,9.999999747378752e-06,2714,1.1921418905258179,0.5607088804244995,
7,2715.0,9.999999747378752e-06,2715,0.8203105926513672,0.302173912525177,
7,2716.0,9.999999747378752e-06,2716,0.8100214600563049,0.31418919563293457,
7,2717.0,9.999999747378752e-06,2717,0.9304943680763245,0.3527260422706604,
7,2718.0,9.999999747378752e-06,2718,0.5371542572975159,0.30358922481536865,
7,2719.0,9.999999747378752e-06,2719,0.7875543236732483,0.3365887403488159,
7,2720.0,9.999999747378752e-06,2720,1.2606151103973389,0.4941176772117615,
7,2721.0,9.999999747378752e-06,2721,1.1562236547470093,0.3989602327346802,
7,2722.0,9.999999747378752e-06,2722,0.9334254860877991,0.33476656675338745,
7,2723.0,9.999999747378752e-06,2723,0.9974002242088318,0.5096774101257324,
7,2724.0,9.999999747378752e-06,2724,0.9274722337722778,0.47218847274780273,
7,2725.0,9.999999747378752e-06,2725,0.8965510129928589,0.2630252242088318,
7,2726.0,9.999999747378752e-06,2726,0.6072287559509277,0.25287356972694397,
7,2727.0,9.999999747378752e-06,2727,0.7222498655319214,0.34405457973480225,
7,2728.0,9.999999747378752e-06,2728,0.4722844064235687,0.18677325546741486,
7,2729.0,9.999999747378752e-06,2729,0.9025734663009644,0.38826292753219604,
7,2730.0,9.999999747378752e-06,2730,1.0853114128112793,0.4861111044883728,
7,2731.0,9.999999747378752e-06,2731,0.8771042823791504,0.3897058963775635,
7,2732.0,9.999999747378752e-06,2732,1.2438781261444092,0.442307710647583,
7,2733.0,9.999999747378752e-06,2733,0.9067655205726624,0.503018856048584,
7,2734.0,9.999999747378752e-06,2734,0.7486763596534729,0.32424241304397583,
7,2735.0,9.999999747378752e-06,2735,0.6194456815719604,0.2404862642288208,
7,2736.0,9.999999747378752e-06,2736,1.027940273284912,0.3380952477455139,
7,2737.0,9.999999747378752e-06,2737,0.7388196587562561,0.3844878375530243,
7,2738.0,9.999999747378752e-06,2738,1.370651364326477,0.44963371753692627,
7,2739.0,9.999999747378752e-06,2739,1.2443432807922363,0.34088826179504395,
7,2740.0,9.999999747378752e-06,2740,0.9058642983436584,0.4236559271812439,
7,2741.0,9.999999747378752e-06,2741,0.9987341165542603,0.47777777910232544,
7,2742.0,9.999999747378752e-06,2742,1.147113561630249,0.47074830532073975,
7,2743.0,9.999999747378752e-06,2743,0.6006966233253479,0.22857142984867096,
8,2744.0,9.999999747378752e-06,2744,0.8399518132209778,0.44947317242622375,
8,2745.0,9.999999747378752e-06,2745,0.8541193604469299,0.36868685483932495,
8,2746.0,9.999999747378752e-06,2746,1.2986565828323364,0.5318681597709656,
8,2747.0,9.999999747378752e-06,2747,1.3570908308029175,0.5094696879386902,
8,2748.0,9.999999747378752e-06,2748,1.4458472728729248,0.5844907760620117,
8,2749.0,9.999999747378752e-06,2749,0.8203624486923218,0.5674751400947571,
8,2750.0,,2749,,,0.2483082264661789
8,2750.0,9.999999747378752e-06,2750,1.109885811805725,0.44195806980133057,
8,2751.0,9.999999747378752e-06,2751,0.8702163100242615,0.4095238149166107,
8,2752.0,9.999999747378752e-06,2752,0.9460520148277283,0.41119763255119324,
8,2753.0,9.999999747378752e-06,2753,0.8679299354553223,0.5404040217399597,
8,2754.0,9.999999747378752e-06,2754,0.7912138104438782,0.3851777911186218,
8,2755.0,9.999999747378752e-06,2755,0.9259790182113647,0.42213499546051025,
8,2756.0,9.999999747378752e-06,2756,0.8180485367774963,0.2804582715034485,
8,2757.0,9.999999747378752e-06,2757,0.8165735006332397,0.43980279564857483,
8,2758.0,9.999999747378752e-06,2758,0.8817631602287292,0.4088340997695923,
8,2759.0,9.999999747378752e-06,2759,0.6673352718353271,0.2777020335197449,
8,2760.0,9.999999747378752e-06,2760,1.2390086650848389,0.39192885160446167,
8,2761.0,9.999999747378752e-06,2761,1.7055100202560425,0.6490625143051147,
8,2762.0,9.999999747378752e-06,2762,1.0236879587173462,0.40719062089920044,
8,2763.0,9.999999747378752e-06,2763,1.6538108587265015,0.577551007270813,
8,2764.0,9.999999747378752e-06,2764,1.5919400453567505,0.5581493973731995,
8,2765.0,9.999999747378752e-06,2765,2.003364324569702,0.5394736528396606,
8,2766.0,9.999999747378752e-06,2766,0.8328605890274048,0.3185544013977051,
8,2767.0,9.999999747378752e-06,2767,0.826724112033844,0.2971014380455017,
8,2768.0,9.999999747378752e-06,2768,1.275517225265503,0.5821256041526794,
8,2769.0,9.999999747378752e-06,2769,0.7270600199699402,0.3214285671710968,
8,2770.0,9.999999747378752e-06,2770,0.9717435836791992,0.3684699535369873,
8,2771.0,9.999999747378752e-06,2771,1.6736856698989868,0.41090425848960876,
8,2772.0,9.999999747378752e-06,2772,0.6194281578063965,0.2837381958961487,
8,2773.0,9.999999747378752e-06,2773,0.9738658666610718,0.2958257794380188,
8,2774.0,9.999999747378752e-06,2774,1.2730112075805664,0.5507352948188782,
8,2775.0,9.999999747378752e-06,2775,1.0742744207382202,0.40560638904571533,
8,2776.0,9.999999747378752e-06,2776,1.3035292625427246,0.5593434572219849,
8,2777.0,9.999999747378752e-06,2777,1.1157703399658203,0.44545453786849976,
8,2778.0,9.999999747378752e-06,2778,1.1705564260482788,0.4688228368759155,
8,2779.0,9.999999747378752e-06,2779,1.3488470315933228,0.4680555462837219,
8,2780.0,9.999999747378752e-06,2780,0.9489776492118835,0.4741360545158386,
8,2781.0,9.999999747378752e-06,2781,0.5506845116615295,0.3238636255264282,
8,2782.0,9.999999747378752e-06,2782,0.9744566082954407,0.3500000238418579,
8,2783.0,9.999999747378752e-06,2783,1.6649744510650635,0.5571095943450928,
8,2784.0,9.999999747378752e-06,2784,1.0655624866485596,0.3387681245803833,
8,2785.0,9.999999747378752e-06,2785,0.4173893928527832,0.19886364042758942,
8,2786.0,9.999999747378752e-06,2786,0.8002589344978333,0.4363327622413635,
8,2787.0,9.999999747378752e-06,2787,0.9534795880317688,0.40993788838386536,
8,2788.0,9.999999747378752e-06,2788,1.341741919517517,0.6050828695297241,
8,2789.0,9.999999747378752e-06,2789,0.8140086531639099,0.3328947424888611,
8,2790.0,9.999999747378752e-06,2790,0.8496633768081665,0.328917920589447,
8,2791.0,9.999999747378752e-06,2791,1.960159420967102,0.7112794518470764,
8,2792.0,9.999999747378752e-06,2792,1.0135712623596191,0.4863157868385315,
8,2793.0,9.999999747378752e-06,2793,0.6445030570030212,0.45121949911117554,
8,2794.0,9.999999747378752e-06,2794,1.4275952577590942,0.48076921701431274,
8,2795.0,9.999999747378752e-06,2795,1.3469864130020142,0.5477941036224365,
8,2796.0,9.999999747378752e-06,2796,0.6555609107017517,0.42124998569488525,
8,2797.0,9.999999747378752e-06,2797,0.5273444652557373,0.25726497173309326,
8,2798.0,9.999999747378752e-06,2798,0.809945285320282,0.34166666865348816,
8,2799.0,9.999999747378752e-06,2799,0.9041872024536133,0.2864782214164734,
8,2800.0,,2799,,,0.2506552040576935
8,2800.0,9.999999747378752e-06,2800,0.583118736743927,0.3854166865348816,
8,2801.0,9.999999747378752e-06,2801,0.3973807692527771,0.18928572535514832,
8,2802.0,9.999999747378752e-06,2802,0.8361819982528687,0.3446089029312134,
8,2803.0,9.999999747378752e-06,2803,0.5553966164588928,0.28501230478286743,
8,2804.0,9.999999747378752e-06,2804,0.8071856498718262,0.3732432425022125,
8,2805.0,9.999999747378752e-06,2805,0.3458753824234009,0.273333340883255,
8,2806.0,9.999999747378752e-06,2806,0.57269686460495,0.3158116042613983,
8,2807.0,9.999999747378752e-06,2807,1.0222922563552856,0.3299441933631897,
8,2808.0,9.999999747378752e-06,2808,0.5021701455116272,0.23361822962760925,
8,2809.0,9.999999747378752e-06,2809,1.0321180820465088,0.5055555701255798,
8,2810.0,9.999999747378752e-06,2810,0.9374345541000366,0.38915881514549255,
8,2811.0,9.999999747378752e-06,2811,1.0764142274856567,0.47456446290016174,
8,2812.0,9.999999747378752e-06,2812,0.8883498907089233,0.4421391487121582,
8,2813.0,9.999999747378752e-06,2813,0.8688451051712036,0.4060790538787842,
8,2814.0,9.999999747378752e-06,2814,1.1571531295776367,0.4368321895599365,
8,2815.0,9.999999747378752e-06,2815,0.6572726964950562,0.3506944477558136,
8,2816.0,9.999999747378752e-06,2816,0.5368896722793579,0.2612782120704651,
8,2817.0,9.999999747378752e-06,2817,0.8972530364990234,0.23521505296230316,
8,2818.0,9.999999747378752e-06,2818,0.7455935478210449,0.37460583448410034,
8,2819.0,9.999999747378752e-06,2819,1.2095118761062622,0.48308271169662476,
8,2820.0,9.999999747378752e-06,2820,0.5944912433624268,0.29629629850387573,
8,2821.0,9.999999747378752e-06,2821,0.8550122380256653,0.4376959204673767,
8,2822.0,9.999999747378752e-06,2822,1.2818721532821655,0.5099206566810608,
8,2823.0,9.999999747378752e-06,2823,0.6295450925827026,0.29107141494750977,
8,2824.0,9.999999747378752e-06,2824,0.7852973937988281,0.37434011697769165,
8,2825.0,9.999999747378752e-06,2825,1.340462565422058,0.6565656661987305,
8,2826.0,9.999999747378752e-06,2826,0.8760369420051575,0.3356091380119324,
8,2827.0,9.999999747378752e-06,2827,0.8817344307899475,0.4127134680747986,
8,2828.0,9.999999747378752e-06,2828,1.2977988719940186,0.3823710083961487,
8,2829.0,9.999999747378752e-06,2829,0.9935123324394226,0.39884868264198303,
8,2830.0,9.999999747378752e-06,2830,1.4535843133926392,0.6033950448036194,
8,2831.0,9.999999747378752e-06,2831,1.0081286430358887,0.40932148694992065,
8,2832.0,9.999999747378752e-06,2832,0.8966487050056458,0.36913490295410156,
8,2833.0,9.999999747378752e-06,2833,0.7923386096954346,0.20919324457645416,
8,2834.0,9.999999747378752e-06,2834,0.6649283766746521,0.26332199573516846,
8,2835.0,9.999999747378752e-06,2835,0.9669018387794495,0.46644067764282227,
8,2836.0,9.999999747378752e-06,2836,0.6780760288238525,0.32236841320991516,
8,2837.0,9.999999747378752e-06,2837,0.4742004871368408,0.25562217831611633,
8,2838.0,9.999999747378752e-06,2838,1.4277886152267456,0.4215908944606781,
8,2839.0,9.999999747378752e-06,2839,1.039540410041809,0.38764479756355286,
8,2840.0,9.999999747378752e-06,2840,1.1452534198760986,0.5594202876091003,
8,2841.0,9.999999747378752e-06,2841,0.7422292232513428,0.2916666865348816,
8,2842.0,9.999999747378752e-06,2842,1.0589412450790405,0.3434523940086365,
8,2843.0,9.999999747378752e-06,2843,0.6704111695289612,0.33965516090393066,
8,2844.0,9.999999747378752e-06,2844,0.7684767842292786,0.3558897376060486,
8,2845.0,9.999999747378752e-06,2845,0.6166144609451294,0.2810344696044922,
8,2846.0,9.999999747378752e-06,2846,0.3617129921913147,0.14950980246067047,
8,2847.0,9.999999747378752e-06,2847,0.5873348116874695,0.2858516573905945,
8,2848.0,9.999999747378752e-06,2848,1.0468289852142334,0.3287878632545471,
8,2849.0,9.999999747378752e-06,2849,0.937366783618927,0.4981685280799866,
8,2850.0,,2849,,,0.25225895643234253
8,2850.0,9.999999747378752e-06,2850,0.7671141028404236,0.46590909361839294,
8,2851.0,9.999999747378752e-06,2851,0.8819575905799866,0.33693692088127136,
8,2852.0,9.999999747378752e-06,2852,0.9801902770996094,0.5250626802444458,
8,2853.0,9.999999747378752e-06,2853,0.712554395198822,0.31606608629226685,
8,2854.0,9.999999747378752e-06,2854,0.7554219365119934,0.38865548372268677,
8,2855.0,9.999999747378752e-06,2855,0.8663514852523804,0.39534884691238403,
8,2856.0,9.999999747378752e-06,2856,1.3609440326690674,0.4316770136356354,
8,2857.0,9.999999747378752e-06,2857,1.0130366086959839,0.39772728085517883,
8,2858.0,9.999999747378752e-06,2858,0.7646640539169312,0.29378533363342285,
8,2859.0,9.999999747378752e-06,2859,0.37342020869255066,0.14548495411872864,
8,2860.0,9.999999747378752e-06,2860,0.3275911509990692,0.18549785017967224,
8,2861.0,9.999999747378752e-06,2861,1.0555641651153564,0.40343165397644043,
8,2862.0,9.999999747378752e-06,2862,0.7674431204795837,0.4051724076271057,
8,2863.0,9.999999747378752e-06,2863,0.6693652868270874,0.3505827784538269,
8,2864.0,9.999999747378752e-06,2864,1.1059094667434692,0.3382353186607361,
8,2865.0,9.999999747378752e-06,2865,0.635676920413971,0.25641027092933655,
8,2866.0,9.999999747378752e-06,2866,0.8453164100646973,0.3666869103908539,
8,2867.0,9.999999747378752e-06,2867,0.947113573551178,0.4739583432674408,
8,2868.0,9.999999747378752e-06,2868,1.663001298904419,0.53632652759552,
8,2869.0,9.999999747378752e-06,2869,0.5591343641281128,0.2908860743045807,
8,2870.0,9.999999747378752e-06,2870,1.1264762878417969,0.5277777910232544,
8,2871.0,9.999999747378752e-06,2871,0.6600605845451355,0.2976605296134949,
8,2872.0,9.999999747378752e-06,2872,0.24236969649791718,0.10780038684606552,
8,2873.0,9.999999747378752e-06,2873,0.9410321116447449,0.35357141494750977,
8,2874.0,9.999999747378752e-06,2874,0.5206767916679382,0.29716023802757263,
8,2875.0,9.999999747378752e-06,2875,0.6407056450843811,0.311960905790329,
8,2876.0,9.999999747378752e-06,2876,0.5837715864181519,0.24727272987365723,
8,2877.0,9.999999747378752e-06,2877,0.37019434571266174,0.29920634627342224,
8,2878.0,9.999999747378752e-06,2878,0.6535388231277466,0.3039405643939972,
8,2879.0,9.999999747378752e-06,2879,0.765978991985321,0.31144779920578003,
8,2880.0,9.999999747378752e-06,2880,0.6973285675048828,0.3325870633125305,
8,2881.0,9.999999747378752e-06,2881,0.8475600481033325,0.3781512677669525,
8,2882.0,9.999999747378752e-06,2882,1.271549105644226,0.46165966987609863,
8,2883.0,9.999999747378752e-06,2883,0.48572155833244324,0.168443500995636,
8,2884.0,9.999999747378752e-06,2884,0.7424845099449158,0.39483171701431274,
8,2885.0,9.999999747378752e-06,2885,0.8279330134391785,0.41499999165534973,
8,2886.0,9.999999747378752e-06,2886,0.8665522933006287,0.3411538302898407,
8,2887.0,9.999999747378752e-06,2887,0.6062663197517395,0.3197997808456421,
8,2888.0,9.999999747378752e-06,2888,0.8107532262802124,0.3966817855834961,
8,2889.0,9.999999747378752e-06,2889,0.8316914439201355,0.45073527097702026,
8,2890.0,9.999999747378752e-06,2890,0.9161297082901001,0.390625,
8,2891.0,9.999999747378752e-06,2891,0.8214243054389954,0.32532957196235657,
8,2892.0,9.999999747378752e-06,2892,0.7836947441101074,0.4007936418056488,
8,2893.0,9.999999747378752e-06,2893,1.1805996894836426,0.39601415395736694,
8,2894.0,9.999999747378752e-06,2894,0.5362933874130249,0.2973484694957733,
8,2895.0,9.999999747378752e-06,2895,0.6018927097320557,0.263131707906723,
8,2896.0,9.999999747378752e-06,2896,0.854137659072876,0.3166666626930237,
8,2897.0,9.999999747378752e-06,2897,1.225158452987671,0.45370370149612427,
8,2898.0,9.999999747378752e-06,2898,0.8772292733192444,0.4240165650844574,
8,2899.0,9.999999747378752e-06,2899,0.8665425181388855,0.5496031641960144,
8,2900.0,,2899,,,0.24959905445575714
8,2900.0,9.999999747378752e-06,2900,2.2999372482299805,0.6080514192581177,
8,2901.0,9.999999747378752e-06,2901,1.1435316801071167,0.5397727489471436,
8,2902.0,9.999999747378752e-06,2902,1.051220178604126,0.4404069781303406,
8,2903.0,9.999999747378752e-06,2903,0.8347750306129456,0.4434782564640045,
8,2904.0,9.999999747378752e-06,2904,0.8186919689178467,0.48237478733062744,
8,2905.0,9.999999747378752e-06,2905,0.6358063220977783,0.26249998807907104,
8,2906.0,9.999999747378752e-06,2906,0.9852763414382935,0.3310983180999756,
8,2907.0,9.999999747378752e-06,2907,0.5279409885406494,0.28340327739715576,
8,2908.0,9.999999747378752e-06,2908,1.2083938121795654,0.49780702590942383,
8,2909.0,9.999999747378752e-06,2909,1.062603235244751,0.4702380895614624,
8,2910.0,9.999999747378752e-06,2910,0.5389010906219482,0.2684441804885864,
8,2911.0,9.999999747378752e-06,2911,0.8439089059829712,0.3633987009525299,
8,2912.0,9.999999747378752e-06,2912,0.8117107152938843,0.3765227198600769,
8,2913.0,9.999999747378752e-06,2913,0.7725962996482849,0.3288043439388275,
8,2914.0,9.999999747378752e-06,2914,1.111660361289978,0.3909090757369995,
8,2915.0,9.999999747378752e-06,2915,0.6787658929824829,0.1979166716337204,
8,2916.0,9.999999747378752e-06,2916,0.7545906901359558,0.37710440158843994,
8,2917.0,9.999999747378752e-06,2917,0.7685980200767517,0.3832398056983948,
8,2918.0,9.999999747378752e-06,2918,0.698969304561615,0.28699788451194763,
8,2919.0,9.999999747378752e-06,2919,1.0779036283493042,0.3799603283405304,
8,2920.0,9.999999747378752e-06,2920,0.9867333173751831,0.5468998551368713,
8,2921.0,9.999999747378752e-06,2921,0.6961525678634644,0.332317054271698,
8,2922.0,9.999999747378752e-06,2922,0.4630236327648163,0.43913042545318604,
8,2923.0,9.999999747378752e-06,2923,0.7545393109321594,0.3988603949546814,
8,2924.0,9.999999747378752e-06,2924,1.0107593536376953,0.39419978857040405,
8,2925.0,9.999999747378752e-06,2925,0.9207334518432617,0.45072463154792786,
8,2926.0,9.999999747378752e-06,2926,0.5410847663879395,0.24538064002990723,
8,2927.0,9.999999747378752e-06,2927,0.9421687126159668,0.4318181872367859,
8,2928.0,9.999999747378752e-06,2928,0.7180262207984924,0.28240740299224854,
8,2929.0,9.999999747378752e-06,2929,1.111388087272644,0.3481481671333313,
8,2930.0,9.999999747378752e-06,2930,0.8603946566581726,0.37246620655059814,
8,2931.0,9.999999747378752e-06,2931,0.7945920825004578,0.4404466450214386,
8,2932.0,9.999999747378752e-06,2932,1.4321056604385376,0.48526787757873535,
8,2933.0,9.999999747378752e-06,2933,0.6058049201965332,0.1723044514656067,
8,2934.0,9.999999747378752e-06,2934,1.1041460037231445,0.644444465637207,
8,2935.0,9.999999747378752e-06,2935,0.6741378903388977,0.2265625,
8,2936.0,9.999999747378752e-06,2936,1.16714608669281,0.39438503980636597,
8,2937.0,9.999999747378752e-06,2937,0.6755837798118591,0.268398255109787,
8,2938.0,9.999999747378752e-06,2938,0.8439410924911499,0.48152297735214233,
8,2939.0,9.999999747378752e-06,2939,0.8335363268852234,0.40027573704719543,
8,2940.0,9.999999747378752e-06,2940,0.6721622943878174,0.29780513048171997,
8,2941.0,9.999999747378752e-06,2941,1.2587788105010986,0.5384615659713745,
8,2942.0,9.999999747378752e-06,2942,0.45190703868865967,0.1828419268131256,
8,2943.0,9.999999747378752e-06,2943,0.7061942219734192,0.2881963551044464,
8,2944.0,9.999999747378752e-06,2944,2.30348539352417,0.8958333730697632,
8,2945.0,9.999999747378752e-06,2945,0.9616469144821167,0.43678975105285645,
8,2946.0,9.999999747378752e-06,2946,1.2129695415496826,0.3484172224998474,
8,2947.0,9.999999747378752e-06,2947,1.0760895013809204,0.5025973916053772,
8,2948.0,9.999999747378752e-06,2948,1.0933877229690552,0.3944353461265564,
8,2949.0,9.999999747378752e-06,2949,0.8804864883422852,0.3333333432674408,
8,2950.0,,2949,,,0.24858205020427704
8,2950.0,9.999999747378752e-06,2950,0.9684571027755737,0.3121621608734131,
8,2951.0,9.999999747378752e-06,2951,0.660552442073822,0.2721576690673828,
8,2952.0,9.999999747378752e-06,2952,1.2411096096038818,0.5797683000564575,
8,2953.0,9.999999747378752e-06,2953,1.2724570035934448,0.5988888740539551,
8,2954.0,9.999999747378752e-06,2954,1.4516948461532593,0.5417508482933044,
8,2955.0,9.999999747378752e-06,2955,0.6493059992790222,0.29570746421813965,
8,2956.0,9.999999747378752e-06,2956,1.2850375175476074,0.45208844542503357,
8,2957.0,9.999999747378752e-06,2957,1.1172294616699219,0.32954543828964233,
8,2958.0,9.999999747378752e-06,2958,0.6027118563652039,0.30891090631484985,
8,2959.0,9.999999747378752e-06,2959,0.772060751914978,0.4116809368133545,
8,2960.0,9.999999747378752e-06,2960,1.2934600114822388,0.5998263955116272,
8,2961.0,9.999999747378752e-06,2961,0.7775840759277344,0.33365821838378906,
8,2962.0,9.999999747378752e-06,2962,1.0565382242202759,0.3633578419685364,
8,2963.0,9.999999747378752e-06,2963,1.1018011569976807,0.41847825050354004,
8,2964.0,9.999999747378752e-06,2964,1.1014537811279297,0.397857129573822,
8,2965.0,9.999999747378752e-06,2965,0.7486093640327454,0.2865937352180481,
8,2966.0,9.999999747378752e-06,2966,1.0345792770385742,0.4242105185985565,
8,2967.0,9.999999747378752e-06,2967,0.5184876322746277,0.27400103211402893,
8,2968.0,9.999999747378752e-06,2968,1.7106425762176514,0.6157181859016418,
8,2969.0,9.999999747378752e-06,2969,0.5441271066665649,0.3206349313259125,
8,2970.0,9.999999747378752e-06,2970,0.6489378809928894,0.35951492190361023,
8,2971.0,9.999999747378752e-06,2971,0.673281729221344,0.37196969985961914,
8,2972.0,9.999999747378752e-06,2972,0.543287992477417,0.3460088074207306,
8,2973.0,9.999999747378752e-06,2973,1.2500944137573242,0.4854166507720947,
8,2974.0,9.999999747378752e-06,2974,0.656094491481781,0.35850340127944946,
8,2975.0,9.999999747378752e-06,2975,1.1872912645339966,0.4602591097354889,
8,2976.0,9.999999747378752e-06,2976,1.3081390857696533,0.46557968854904175,
8,2977.0,9.999999747378752e-06,2977,1.1023530960083008,0.5497512817382812,
8,2978.0,9.999999747378752e-06,2978,1.1831775903701782,0.606249988079071,
8,2979.0,9.999999747378752e-06,2979,1.7593462467193604,0.6455128192901611,
8,2980.0,9.999999747378752e-06,2980,0.6059514284133911,0.36798879504203796,
8,2981.0,9.999999747378752e-06,2981,1.1820292472839355,0.5,
8,2982.0,9.999999747378752e-06,2982,0.8091278076171875,0.49561402201652527,
8,2983.0,9.999999747378752e-06,2983,0.7738690972328186,0.29629629850387573,
8,2984.0,9.999999747378752e-06,2984,1.575750708580017,0.40966010093688965,
8,2985.0,9.999999747378752e-06,2985,0.8205193281173706,0.34333333373069763,
8,2986.0,9.999999747378752e-06,2986,0.7719600796699524,0.46362024545669556,
8,2987.0,9.999999747378752e-06,2987,1.8897199630737305,0.6489234566688538,
8,2988.0,9.999999747378752e-06,2988,0.4321323335170746,0.24157895147800446,
8,2989.0,9.999999747378752e-06,2989,0.8632567524909973,0.35599660873413086,
8,2990.0,9.999999747378752e-06,2990,0.5363791584968567,0.2542746663093567,
8,2991.0,9.999999747378752e-06,2991,0.8328988552093506,0.42198580503463745,
8,2992.0,9.999999747378752e-06,2992,1.516512393951416,0.5072572231292725,
8,2993.0,9.999999747378752e-06,2993,0.634810209274292,0.3241688013076782,
8,2994.0,9.999999747378752e-06,2994,0.6142525672912598,0.3109903335571289,
8,2995.0,9.999999747378752e-06,2995,1.731579303741455,0.5182926654815674,
8,2996.0,9.999999747378752e-06,2996,0.8942511081695557,0.33069908618927,
8,2997.0,9.999999747378752e-06,2997,0.572272777557373,0.29374998807907104,
8,2998.0,9.999999747378752e-06,2998,1.27506685256958,0.53125,
8,2999.0,9.999999747378752e-06,2999,1.0165395736694336,0.38733765482902527,
8,3000.0,,2999,,,0.24646978080272675
